-- phpMyAdmin SQL Dump
-- version 4.8.3
-- https://www.phpmyadmin.net/
--
-- Hôte : localhost
-- Généré le :  mer. 08 déc. 2021 à 02:31
-- Version du serveur :  10.3.9-MariaDB
-- Version de PHP :  7.2.9

SET SQL_MODE = "NO_AUTO_VALUE_ON_ZERO";
SET AUTOCOMMIT = 0;
START TRANSACTION;
SET time_zone = "+00:00";


/*!40101 SET @OLD_CHARACTER_SET_CLIENT=@@CHARACTER_SET_CLIENT */;
/*!40101 SET @OLD_CHARACTER_SET_RESULTS=@@CHARACTER_SET_RESULTS */;
/*!40101 SET @OLD_COLLATION_CONNECTION=@@COLLATION_CONNECTION */;
/*!40101 SET NAMES utf8mb4 */;

--
-- Base de données :  `zal3-zle_buhma`
--

DELIMITER $$
--
-- Procédures
--
CREATE DEFINER=`zle_buhma`@`%` PROCEDURE `insert_actu` (IN `ID` INT)  BEGIN
    Set @listeInv=(SELECT ListeInv(ID));
    SELECT anim_titre, anim_date_debut, anim_date_fin INTO@anim_titre , @datedeb,@datefin FROM t_animation_anim WHERE anim_id=ID;
    Set @texte=(SELECT CONCAT(@anim_titre,' avec ',@listeInv,' débutera le ', @datedeb,' et se finira le ', @datefin));
	INSERT INTO t_actualite_actu VALUES(NULL,@anim_titre, @texte, curdate(),'P','7');
END$$

CREATE DEFINER=`zle_buhma`@`%` PROCEDURE `NbAnim` (OUT `nbpasse` INT, OUT `nbpresent` INT, OUT `nbfutur` INT)  BEGIN
	SELECT COUNT(*) INTO nbpasse FROM t_animation_anim WHERE 	anim_date_fin<now();
	SELECT COUNT(*) INTO nbpresent FROM t_animation_anim WHERE 	anim_date_debut<=now() AND anim_date_fin>=now();
	SELECT COUNT(*) INTO nbfutur FROM t_animation_anim WHERE 	anim_date_debut>now();
     
     
END$$

CREATE DEFINER=`zle_buhma`@`%` PROCEDURE `NbServLieu` (IN `ID` INT, OUT `NB` INT)  BEGIN
	SELECT count(serv_id) INTO NB
	FROM t_service_serv
	WHERE lieu_id=ID;
END$$

CREATE DEFINER=`zle_buhma`@`%` PROCEDURE `ServAutourAnim` (IN `ID` INT)  BEGIN
	SELECT *
	FROM t_lieu_lieu
	LEFT JOIN t_animation_anim USING(lieu_id)
	LEFT JOIN t_service_serv USING(lieu_id)
	WHERE anim_id=ID;
END$$

CREATE DEFINER=`zle_buhma`@`%` PROCEDURE `SuppAnim` (IN `ID` INT)  NO SQL
BEGIN
	DELETE FROM tj_programmation_prog WHERE anim_id=ID;
    DELETE FROM t_animation_anim WHERE anim_id=ID;

END$$

--
-- Fonctions
--
CREATE DEFINER=`zle_buhma`@`%` FUNCTION `EtatAnim` (`ID` INT) RETURNS INT(1) NO SQL
BEGIN
		Set @datedeb:=(SELECT anim_date_debut FROM t_animation_anim WHERE anim_id=ID);
    Set @datefin:=(SELECT anim_date_fin FROM t_animation_anim WHERE anim_id=ID);
	IF @datefin<now() THEN
    	RETURN 0;
    ELSEIF @datedeb<=now() AND @datefin>=now() THEN
    	RETURN 1;
    ELSEIF @datedeb>now() THEN
    	RETURN 2;
    ELSE 
    	RETURN NULL;
    END IF;
END$$

CREATE DEFINER=`zle_buhma`@`%` FUNCTION `ListeInv` (`ID` INT) RETURNS VARCHAR(50) CHARSET utf8 BEGIN
	Set @listeinv=(SELECT GROUP_CONCAT(DISTINCT inv_nom SEPARATOR ',') FROM t_invite_inv JOIN tj_programmation_prog USING(inv_id) WHERE anim_id=ID);
    Return @listeinv;
END$$

CREATE DEFINER=`zle_buhma`@`%` FUNCTION `nbProfil` () RETURNS TEXT CHARSET utf8 BEGIN 
	Set @nbcompte:=(SELECT COUNT(*) FROM t_compte_cpt);
	Set @nborga:=(SELECT COUNT(*) FROM t_organisateur_orga);
	Set @nbinv:=(SELECT COUNT(*) FROM t_invite_inv);
	IF(@nbcompte = (@nborga+@nbinv))THEN
		RETURN 'OK';
	ELSE
		RETURN 'ERREUR';
	END IF;
END$$

CREATE DEFINER=`zle_buhma`@`%` FUNCTION `RechercheLieu` (`LIEU` INT, `SERV` TEXT) RETURNS TEXT CHARSET utf8 BEGIN 
	Set @rslt:=(SELECT serv_id FROM t_service_serv WHERE lieu_id=LIEU AND serv_nom LIKE CONCAT('%',SERV,'%')LIMIT 1);
	IF(@rslt)THEN
		RETURN 'EXIST';
	ELSE
		RETURN 'NOT EXIST';
	END IF;
END$$

DELIMITER ;

-- --------------------------------------------------------

--
-- Structure de la table `tj_inv_rs`
--

CREATE TABLE `tj_inv_rs` (
  `inv_id` int(11) NOT NULL,
  `rs_id` int(11) NOT NULL
) ENGINE=InnoDB DEFAULT CHARSET=utf8;

--
-- Déchargement des données de la table `tj_inv_rs`
--

INSERT INTO `tj_inv_rs` (`inv_id`, `rs_id`) VALUES
(5, 1),
(6, 2),
(7, 3),
(7, 4),
(9, 5),
(9, 6);

-- --------------------------------------------------------

--
-- Structure de la table `tj_programmation_prog`
--

CREATE TABLE `tj_programmation_prog` (
  `inv_id` int(11) NOT NULL,
  `anim_id` int(11) NOT NULL
) ENGINE=InnoDB DEFAULT CHARSET=utf8;

--
-- Déchargement des données de la table `tj_programmation_prog`
--

INSERT INTO `tj_programmation_prog` (`inv_id`, `anim_id`) VALUES
(4, 2),
(5, 2),
(6, 3),
(7, 3),
(8, 4),
(9, 4),
(10, 5),
(11, 5),
(5, 6),
(6, 6),
(9, 7),
(10, 7),
(5, 8),
(9, 8),
(5, 9),
(9, 10),
(5, 11),
(10, 12),
(5, 13),
(4, 14),
(9, 14),
(4, 15);

--
-- Déclencheurs `tj_programmation_prog`
--
DELIMITER $$
CREATE TRIGGER `aj_actu` AFTER INSERT ON `tj_programmation_prog` FOR EACH ROW BEGIN
    CALL insert_actu(NEW.anim_id);
	
END
$$
DELIMITER ;

-- --------------------------------------------------------

--
-- Structure de la table `t_actualite_actu`
--

CREATE TABLE `t_actualite_actu` (
  `actu_id` int(11) NOT NULL,
  `actu_titre` varchar(300) NOT NULL,
  `actu_texte` varchar(500) DEFAULT NULL,
  `actu_date_publication` date NOT NULL,
  `actu_etat` varchar(1) NOT NULL,
  `orga_id` int(11) NOT NULL
) ENGINE=InnoDB DEFAULT CHARSET=utf8;

--
-- Déchargement des données de la table `t_actualite_actu`
--

INSERT INTO `t_actualite_actu` (`actu_id`, `actu_titre`, `actu_texte`, `actu_date_publication`, `actu_etat`, `orga_id`) VALUES
(1, 'La FFT précise les conditions d organisation de Roland Garros 2021', 'Les règles sanitaires seront de vigeur pendant tous le tournoi de Roland Garros', '2021-05-12', 'P', 1),
(2, 'Les invitations (wild-cards)révélées', 'Découvrez les invitations (wild-cards) attribuées pour les qualifications et pour le tableau final des épreuves du tournoi de Roland-Garros 2021.', '2021-05-17', 'P', 1),
(3, 'Covid: L avenir du tournoi de Roland Garros 2021 incertain', 'Actuellement en 2ème confinement, on ne saura dire avant le printemps 2021 si le tournoi Roland Garros 2021 se produira ou non.', '2021-11-09', 'P', 1),
(7, 'Krejcikova: La grande gagnante du tournoi de Roland Garros!', 'La tcheque Barbora Krejcikova gagne la finale des dames simples, ce qui la fait monter à la 5eme place du classement general!', '2021-06-12', 'P', 7),
(8, 'Pavlyuchenkova laisse passer sa chance d avoir le trophe roland garros', 'Pavlyuchenkova perd en finale, ce qui l a fait tout de meme monter a la 13eme place du classement', '2021-06-12', 'B', 8),
(10, 'Match de la finale', 'Krejcikova Barbora,Pavlyuchenkova Anastasia', '2021-10-22', 'B', 7),
(11, 'Match de la finale', 'Krejcikova Barbora,Pavlyuchenkova Anastasia', '2021-10-25', 'B', 7),
(12, 'Séance de dédicaces du gagnant de la finale: Krejcikova', 'Séance de dédicaces du gagnant de la finale: KrejcikovaKrejcikova Barbora2021-06-12 18:00:002021-06-12 19:00:00', '2021-10-25', 'B', 7),
(13, 'Séance de dédicaces du gagnant du 1er match de la demi-finale: Pavlyuchenkova', 'Séance de dédicaces du gagnant du 1er match de la demi-finale: PavlyuchenkovaGAUFF Cori,Pavlyuchenkova Anastasia2021-06-10 19:00:002021-06-10 20:00:00', '2021-10-25', 'B', 7),
(14, '3ème match en quart de finale', '3ème match en quart de finaleGAUFF Cori,Krejcikova Barbora2021-06-09 11:00:002021-06-09 14:00:00', '2021-10-28', 'B', 7),
(15, '1er match en quart de finale', '1er match en quart de finaleZidansek Tamara\nBadosa Paula2021-06-08 09:00:002021-06-08 12:00:00', '2021-10-28', 'B', 7),
(16, '2ème match de demi-finale', '2ème match de demi-finale avec Krejcikova Barbora\nSakkari Maria débutera le 2021-06-10 18:00:00 et se finira le 2021-06-10 21:00:00', '2021-10-28', 'B', 7),
(17, '2ème match de demi-finale', '2ème match de demi-finale avec Krejcikova Barbora,Sakkari Maria débutera le 2021-06-10 18:00:00 et se finira le 2021-06-10 21:00:00', '2021-10-28', 'B', 7),
(18, 'Match de la finale', 'Match de la finale avec Krejcikova Barbora,Pavlyuchenkova Anastasia débutera le 2021-06-12 15:00:00 et se finira le 2021-06-12 18:00:00', '2021-10-28', 'B', 7),
(53, 'Modification!', '1er match en quart de finale-->Attention, report de la date de début-->2021-11-26 08:00:00', '2021-11-26', 'P', 1),
(54, 'Modification!', '1er match en quart de finale-->Attention, report de la date de fin-->2021-11-26 12:00:00', '2021-11-26', 'P', 1),
(55, 'Modification!', 'Présentation-->Attention, report de la date de fin-->2021-12-30 15:38:09', '2021-11-30', 'P', 1),
(56, 'Modification!', 'Match de la finale-->Attention, report de la date de début-->2021-12-12 15:00:00', '2021-12-05', 'P', 1),
(57, 'Modification!', 'Match de la finale-->Attention, report de la date de fin-->2021-12-12 18:00:00', '2021-12-05', 'P', 1);

-- --------------------------------------------------------

--
-- Structure de la table `t_animation_anim`
--

CREATE TABLE `t_animation_anim` (
  `anim_id` int(11) NOT NULL,
  `anim_titre` varchar(300) NOT NULL,
  `anim_date_debut` datetime NOT NULL,
  `anim_date_fin` datetime NOT NULL,
  `lieu_id` int(11) NOT NULL
) ENGINE=InnoDB DEFAULT CHARSET=utf8;

--
-- Déchargement des données de la table `t_animation_anim`
--

INSERT INTO `t_animation_anim` (`anim_id`, `anim_titre`, `anim_date_debut`, `anim_date_fin`, `lieu_id`) VALUES
(2, '3ème match en quart de finale', '2021-06-09 11:00:00', '2021-06-09 14:00:00', 1),
(3, '4eme match en quart de finale', '2021-06-09 14:00:00', '2021-06-09 17:00:00', 1),
(4, '2eme match en quart de finale', '2021-06-08 15:00:00', '2021-06-08 18:00:00', 1),
(5, '1er match en quart de finale', '2021-11-26 08:00:00', '2021-11-26 12:00:00', 1),
(6, '2ème match de demi-finale', '2021-06-10 18:00:00', '2021-06-10 21:00:00', 1),
(7, '1er match de demi-finale', '2021-06-10 15:00:00', '2021-06-10 18:00:00', 1),
(8, 'Match de la finale', '2021-12-12 15:00:00', '2021-12-12 18:00:00', 1),
(9, 'Séance de dédicaces du gagnant de la finale: Krejcikova', '2021-06-12 18:00:00', '2021-06-12 19:00:00', 2),
(10, 'Séance de dédicaces du perdant de la finale: Pavlyuchenkova', '2021-06-12 19:00:00', '2021-06-12 20:00:00', 2),
(11, 'Séance de dédicaces du perdant du 2ème match de la demi-finale: Sakkari', '2021-06-10 22:00:00', '2021-06-10 23:00:00', 2),
(12, 'Séance de dédicaces du perdant du 1er match de la demi-finale: Zidansek', '2021-06-10 21:00:00', '2021-06-10 22:00:00', 2),
(13, 'Séance de dédicaces du gagnant du 2ème match de la demi-finale: Krejcikova', '2021-06-10 18:00:00', '2021-06-10 19:00:00', 2),
(14, 'Séance de dédicaces du gagnant du 1er match de la demi-finale: Pavlyuchenkova', '2021-06-10 19:00:00', '2021-06-10 20:00:00', 2),
(15, 'Interview Cori', '2021-11-30 14:00:00', '2021-11-30 17:43:34', 3),
(19, 'Présentation', '2021-11-15 15:38:09', '2021-12-30 15:38:09', 1);

--
-- Déclencheurs `t_animation_anim`
--
DELIMITER $$
CREATE TRIGGER `SupAnim` BEFORE DELETE ON `t_animation_anim` FOR EACH ROW BEGIN
	DELETE FROM tj_programmation_prog WHERE anim_id=OLD.anim_id;
	DELETE FROM t_actualite_actu WHERE actu_titre LIKE CONCAT('%',OLD.anim_titre,'%');
    DELETE FROM t_actualite_actu WHERE actu_texte LIKE CONCAT('%',OLD.anim_titre,'%');
END
$$
DELIMITER ;
DELIMITER $$
CREATE TRIGGER `majActu` AFTER UPDATE ON `t_animation_anim` FOR EACH ROW BEGIN
	IF(NEW.anim_titre != OLD.anim_titre && NEW.anim_date_debut != OLD.anim_date_debut || NEW.anim_titre != OLD.anim_titre && NEW.anim_date_fin != OLD.anim_date_fin || NEW.anim_titre != OLD.anim_titre && NEW.lieu_id != OLD.lieu_id ||
NEW.anim_date_debut != OLD.anim_date_debut && NEW.anim_date_fin != OLD.anim_date_fin || NEW.anim_date_debut != OLD.anim_date_debut && NEW.lieu_id != OLD.lieu_id || NEW.anim_date_fin != OLD.anim_date_fin &&  NEW.lieu_id != OLD.lieu_id) THEN 
    INSERT INTO t_actualite_actu VALUES(NULL,'MODIFICATIONS MAJEURES ', CONCAT_WS("-->",OLD.anim_titre,"cf récapitulatif des animations ! "), NOW(), 'P', '1');
	
	ELSEIF(NEW.anim_titre != OLD.anim_titre) THEN
    INSERT INTO t_actualite_actu VALUES(NULL,'Modification!',CONCAT_WS("-->",OLD.anim_titre,"Attention, changement du nom de l’animation ", NEW.anim_titre), NOW(), 'P', '1');
	
    
	ELSEIF(NEW.anim_date_debut != OLD.anim_date_debut) THEN
    INSERT INTO t_actualite_actu VALUES(NULL,'Modification!',CONCAT_WS("-->",OLD.anim_titre,"Attention, report de la date de début", NEW.anim_date_debut), NOW(), 'P', '1');
	
    
	ELSEIF(NEW.anim_date_fin != OLD.anim_date_fin) THEN
    INSERT INTO t_actualite_actu VALUES(NULL,'Modification!',CONCAT_WS("-->",OLD.anim_titre,"Attention, report de la date de fin", NEW.anim_date_fin), NOW(), 'P', '1');
	
    
    ELSEIF(NEW.lieu_id != OLD.lieu_id) THEN
	SELECT lieu_nom INTO @lieu FROM t_lieu_lieu WHERE lieu_id=NEW.lieu_id;
    INSERT INTO t_actualite_actu VALUES(NULL,'Modification!',CONCAT_WS("-->",OLD.anim_titre,"Attention,changement de lieu", @lieu), NOW(), 'P', '1');
	END IF;
	
END
$$
DELIMITER ;

-- --------------------------------------------------------

--
-- Structure de la table `t_compte_cpt`
--

CREATE TABLE `t_compte_cpt` (
  `cpt_pseudo` varchar(20) NOT NULL,
  `cpt_mdp` char(64) NOT NULL,
  `cpt_etat` char(1) NOT NULL
) ENGINE=InnoDB DEFAULT CHARSET=utf8;

--
-- Déchargement des données de la table `t_compte_cpt`
--

INSERT INTO `t_compte_cpt` (`cpt_pseudo`, `cpt_mdp`, `cpt_etat`) VALUES
('badosa', '4186f941a1db4e2283521288eaf331da742b4b4fb24023bf55ee715b0381278a', 'I'),
('christian', '84cdbf0a406b267bef1466d889b5e53e6ea08f4891b04df29ebcd984b53f2495', 'O'),
('FFT', '6d977eae3987a9befc02393972aa17f58ee4c0572c93cad93349a7702de08c62', 'O'),
('gauff', '14f842a99a5820a924f2fb248d9b8b2e1cce0192e64a2148a693e329c6a03497', 'I'),
('krejcikova', 'f5757fe70b9170475871f992de8a63549a4e4f36a77f1de880d8d86937986e05', 'I'),
('marie', '4e696cd0819fc9fabb672b159334dced7a0bf214e3326e9da582029c6318e0fe', 'O'),
('mario', '013d12bdce5098782bdb42267915330be3e4fd1142b38c4fd31e932a1bf5e39e', 'O'),
('mathilde', 'd0a1f4f237c8c8c5334f584a8c9e026016a6219715ca890ac979736446b8dd8c', 'O'),
('organisateur', '1dbd71caf35136745a51a45bbb945595611c158bb6fabaeae310d7238b5f1b57', 'O'),
('pavlyuchenkova', '332f2d91a2a9e05cfe832f20c227d88fdf7874cc3dcf546b82ca40316894f76d', 'I'),
('rybakina', 'ef4c479dec7897997294ac646ac161ca300dc6787ab304afdd57c1948329488c', 'I'),
('sakkari', 'ca580259f699a27b50aeb2773fdb044bf068b285088a640aad501a761cb494f5', 'I'),
('stephens', '286752744807ac8c1951da56b82e80c67f4b0a67e5d9db6199848e807a71761b', 'I'),
('swiatek', 'b5caf8397b983987615438bb230b0d4b9015dfe73175409f44466c303c5ecebc', 'I'),
('zidansek', '1388fab1481e6d0b83d41191cb9c980e779a58f3597e135bd08ef4eaf4b2cdda', 'I');

-- --------------------------------------------------------

--
-- Structure de la table `t_invite_inv`
--

CREATE TABLE `t_invite_inv` (
  `inv_id` int(11) NOT NULL,
  `inv_nom` varchar(60) NOT NULL,
  `inv_discipline` varchar(60) NOT NULL,
  `inv_description` varchar(500) DEFAULT NULL,
  `inv_biographie` varchar(500) DEFAULT NULL,
  `inv_photo` varchar(200) DEFAULT NULL,
  `cpt_pseudo` varchar(20) NOT NULL
) ENGINE=InnoDB DEFAULT CHARSET=utf8;

--
-- Déchargement des données de la table `t_invite_inv`
--

INSERT INTO `t_invite_inv` (`inv_id`, `inv_nom`, `inv_discipline`, `inv_description`, `inv_biographie`, `inv_photo`, `cpt_pseudo`) VALUES
(4, 'GAUFF Cori', 'Simple dames', 'Simples Dames: Coco Gauff, 17 ans, Etats-Unis, droitière, classement 19', 'Cori Gauff, également surnommée Coco Gauff, est une joueuse de tennis américaine, née le 13 mars 2004 à Atlanta. À ce jour, elle compte deux titres en simple et trois titres en double dames sur le circuit WTA.', 'gauff.png', 'gauff'),
(5, 'Krejcikova Barbora', 'Simple dames', 'Simples Dames: Barbora Krejcikova, 25 ans, République Tchèque, droitière, classement 5', 'Barbora Krejciková, née le 18 décembre 1995 à Brno, est une joueuse de tennis tchèque. Elle a remporté neuf titres en double, dont trois tournois du Grand Chelem. Elle a également remporté trois titres du Grand Chelem en double mixte.', 'krejcikova.png', 'krejcikova'),
(6, 'Sakkari Maria', 'Simple dames', 'Simples Dames: Maria Sakkari, 26 ans, Grèce, droitière, classement 9', 'Maria Sakkari, née le 25 juillet 1995 à Athènes, est une joueuse de tennis grecque, professionnelle depuis 2011. Elle est la fille de l ancienne joueuse de tennis Angelikí Kanellopoúlou, 43ᵉ mondiale en 1987.', 'sakkari.png', 'sakkari'),
(7, 'Swiatek Iga', 'Simple dames', 'Simples Dames: Iga Swiatek, 20 ans, Pologne, droitière, classement 4', 'Iga Swiatek, née le 31 mai 2001 à Varsovie, est une joueuse de tennis polonaise, professionnelle depuis 2018.', 'swiatek.png', 'swiatek'),
(8, 'Rybakina Elena', 'Simple dames', 'Simples Dames: Elena Rybakina, 22 ans, Kazakstan, droitière, classement 16', 'Elena Andreyevna Rybakina, née le 17 juin 1999 à Moscou, est une joueuse de tennis russe, naturalisée kazakhe en juillet 2018. Professionnelle depuis 2017, elle a remporté à ce jour deux titres en simple sur le Circuit WTA', 'rybakina.png', 'rybakina'),
(9, 'Pavlyuchenkova Anastasia', 'Simple dames', 'Simples Dames: Anastasia Pavlyuchenkova, 30 ans, Russie, droitière, classement 13', 'Anastasia Sergeyevna Pavlyuchenkova, née le 3 juillet 1991 à Samara, est une joueuse de tennis russe, professionnelle depuis décembre 2005. Joueuse de fond du court, sa surface de prédilection est la terre battue et son coup fétiche est le coup droit long de ligne.', 'pavlyuchenkova.png', 'pavlyuchenkova'),
(10, 'Zidansek Tamara', 'Simple dames', 'Simples Dames: Tamara Zidansek, 23 ans, Slovénie, droitière, classement 33', 'Tamara Zidansek, née le 26 décembre 1997 à Postojna, est une joueuse de tennis slovène professionnelle. Depuis 2017, elle fait partie de l équipe de Slovénie de Fed Cup. En 2018, elle remporte son premier titre sur le circuit WTA à Bol. À ce jour, elle compte deux titres en simple et trois en double dames.', 'zidansek.png', 'zidansek'),
(11, 'Badosa Paula', 'Simple dames', 'Simples Dames: Paula Badosa, 23 ans, Espagne, droitière, classement 27', 'Paula Badosa Gibert, née le 15 novembre 1997, à New York, est une joueuse de tennis espagnole.', 'badosa.png', 'badosa'),
(12, 'Stephens Sloane', 'Simples dames', 'A perdu en 8eme de finale!', 'Sloane Stephens, née le 20 mars 1993 à Fort Lauderdale, est une joueuse de tennis américaine, professionnelle depuis 2009. Elle remporte son premier titre WTA à l Open de Washington en août 2015 et en compte aujourd hui six à son actif.', 'stephens.png', 'stephens');

-- --------------------------------------------------------

--
-- Structure de la table `t_lieu_lieu`
--

CREATE TABLE `t_lieu_lieu` (
  `lieu_id` int(11) NOT NULL,
  `lieu_nom` varchar(60) NOT NULL,
  `lieu_description` varchar(500) DEFAULT NULL
) ENGINE=InnoDB DEFAULT CHARSET=utf8;

--
-- Déchargement des données de la table `t_lieu_lieu`
--

INSERT INTO `t_lieu_lieu` (`lieu_id`, `lieu_nom`, `lieu_description`) VALUES
(1, 'Court Philippe-Chatrier', 'La grande court centrale avec terrasses, tribunes, kiosques accessiblent par les escaliers et par les accès handicapés.'),
(2, 'Zone TV', 'En face de la grande court Philippe-Chatrier'),
(3, 'allée du Village', 'allée à proximité du court 7'),
(4, 'Court Suzanne-Lenglen', NULL),
(9, 'Orangerie', NULL),
(10, 'Court Simonne-Mathieu', 'Après les serres d Auteuil');

-- --------------------------------------------------------

--
-- Structure de la table `t_objets_trouves_ot`
--

CREATE TABLE `t_objets_trouves_ot` (
  `ot_id` int(11) NOT NULL,
  `ot_nom` varchar(60) NOT NULL,
  `ot_description` varchar(500) DEFAULT NULL,
  `lieu_id` int(11) NOT NULL,
  `parti_id` int(11) DEFAULT NULL
) ENGINE=InnoDB DEFAULT CHARSET=utf8;

--
-- Déchargement des données de la table `t_objets_trouves_ot`
--

INSERT INTO `t_objets_trouves_ot` (`ot_id`, `ot_nom`, `ot_description`, `lieu_id`, `parti_id`) VALUES
(1, 'Trousseau de clés', 'Trousseau de six clés', 1, NULL),
(2, 'Smartphone', 'Samsung noir', 2, NULL),
(3, 'Porte-feuille Mr.Contreras Zachary', 'étui en cuir noir', 9, 35004),
(4, 'Veste', 'Veste enfant noire 10 ans', 1, NULL);

-- --------------------------------------------------------

--
-- Structure de la table `t_organisateur_orga`
--

CREATE TABLE `t_organisateur_orga` (
  `orga_id` int(11) NOT NULL,
  `nom_orga` varchar(60) NOT NULL,
  `prenom_orga` varchar(60) NOT NULL,
  `orga_mail` varchar(200) NOT NULL,
  `cpt_pseudo` varchar(20) NOT NULL
) ENGINE=InnoDB DEFAULT CHARSET=utf8;

--
-- Déchargement des données de la table `t_organisateur_orga`
--

INSERT INTO `t_organisateur_orga` (`orga_id`, `nom_orga`, `prenom_orga`, `orga_mail`, `cpt_pseudo`) VALUES
(1, 'Moretton', 'Gilles', 'gilles.moretton@fft.fr', 'FFT'),
(6, 'Marc', 'Valerie', 'valerie.marc@univ-brest.fr', 'organisateur'),
(7, 'Cambray', 'Christian', 'christian.cambray@gmail.com', 'christian'),
(8, 'X', 'Mario', 'marioX@gmail.com', 'mario'),
(11, 'Le Buhan', 'Marie', 'marie@gmail.com', 'marie'),
(12, 'LB', 'Mathilde', 'math@gmail.com', 'mathilde');

--
-- Déclencheurs `t_organisateur_orga`
--
DELIMITER $$
CREATE TRIGGER `AjoutOrga` BEFORE INSERT ON `t_organisateur_orga` FOR EACH ROW BEGIN
	Set @nbpfl:=(SELECT nbProfil());
	Set @pseudoSansPfl:=(SELECT cpt_pseudo FROM t_compte_cpt WHERE cpt_pseudo NOT IN (SELECT cpt_pseudo FROM t_invite_inv) AND cpt_pseudo NOT IN(SELECT cpt_pseudo FROM t_organisateur_orga)LIMIT 1);
	Set @pseudo:=(SELECT cpt_pseudo FROM t_compte_cpt WHERE cpt_pseudo=NEW.cpt_pseudo);
    
    IF (@nbpfl='OK' AND @pseudo=NEW.cpt_pseudo)THEN
    	INSERT INTO t_compte_cpt VALUES(CONCAT(NEW.cpt_pseudo,'1'),CONCAT(NEW.cpt_pseudo,'1123'),'O');
        Set NEW.cpt_pseudo:=(SELECT CONCAT(NEW.cpt_pseudo,'1'));
	ELSEIF(@nbpfl='OK')THEN
		INSERT INTO t_compte_cpt VALUES(NEW.cpt_pseudo,CONCAT(NEW.cpt_pseudo,'123'),'O');
           
	ELSEIF (@nbpfl='ERREUR' AND NEW.cpt_pseudo!=@pseudoSansPfl) THEN
		DELETE FROM t_compte_cpt WHERE cpt_pseudo=@pseudoSansPfl;      	
        INSERT INTO t_compte_cpt VALUES(NEW.cpt_pseudo,CONCAT(NEW.cpt_pseudo,'123'),'O');
    ELSE
    	UPDATE t_compte_cpt set cpt_etat='O' where cpt_pseudo=NEW.cpt_pseudo;
	END IF;		
END
$$
DELIMITER ;
DELIMITER $$
CREATE TRIGGER `SuppOrga` AFTER DELETE ON `t_organisateur_orga` FOR EACH ROW BEGIN
	DELETE FROM t_compte_cpt WHERE cpt_pseudo=OLD.cpt_pseudo;
END
$$
DELIMITER ;

-- --------------------------------------------------------

--
-- Structure de la table `t_participant_parti`
--

CREATE TABLE `t_participant_parti` (
  `parti_id` int(11) NOT NULL,
  `parti_chainecar` char(20) NOT NULL,
  `parti_type_pass` char(20) NOT NULL,
  `parti_nom` varchar(60) NOT NULL,
  `parti_prenom` varchar(60) NOT NULL,
  `parti_mail` varchar(200) NOT NULL,
  `parti_tel` char(14) NOT NULL
) ENGINE=InnoDB DEFAULT CHARSET=utf8;

--
-- Déchargement des données de la table `t_participant_parti`
--

INSERT INTO `t_participant_parti` (`parti_id`, `parti_chainecar`, `parti_type_pass`, `parti_nom`, `parti_prenom`, `parti_mail`, `parti_tel`) VALUES
(35000, 'PWJ11HES0NM', 'Billet journee', 'Chaney', 'Uriel', 'ut@aaliquet.edu', '05 01 48 80 42'),
(35001, 'DEB49UOX9IS', 'Premium', 'Walter', 'Hashim', 'lorem.auctor@ametlorem.ca', '07 76 22 57 67'),
(35002, 'TYK13LET8YO', 'Premium', 'Finch', 'Harriet', 'vel.sapien@quisqueimperdiet.co.uk', '04 86 83 29 42'),
(35003, 'BLY43FKE2JK', 'Billet journee', 'Gray', 'Dean', 'donec.egestas@ligulaaenean.ca', '05 32 08 28 50'),
(35004, 'NJP22KLR2RB', 'Billet journee', 'Contreras', 'Zachary', 'faucibus.lectus@praesent.org', '03 32 27 45 78'),
(35005, 'PPG15RKM8OY', 'Billet journee', 'Hammond', 'Kasimir', 'lectus.rutrum.urna@enimsuspendisse.org', '07 62 36 55 18'),
(35006, 'LYZ12RJI9EJ', 'Pass plusieurs jours', 'Oneal', 'Mercedes', 'proin.eget@enimnon.ca', '04 25 26 20 78'),
(35007, 'WNV22CXZ1YS', 'Premium', 'Villarreal', 'Beck', 'nunc.ac@tinciduntpede.org', '03 77 61 42 24'),
(35008, 'UEL65AAD4FM', 'Pass plusieurs jours', 'Huber', 'Joy', 'fringilla.purus@euplacerat.ca', '07 36 35 83 12'),
(35009, 'OMF29NJY6WL', 'Pass plusieurs jours', 'Vaughan', 'Harlan', 'phasellus.elit.pede@integertincidunt.edu', '02 15 48 81 18'),
(35010, 'RQH88RBR5KE', 'Pass plusieurs jours', 'Hatfield', 'Karleigh', 'phasellus@enimnec.net', '06 52 14 63 91'),
(35011, 'REY73QIV9SM', 'Pass plusieurs jours', 'Burnett', 'Seth', 'suspendisse.non@vestibulummassa.org', '09 31 16 22 86'),
(35012, 'ODE88CHO0MK', 'Premium', 'Morse', 'Amos', 'sem@auguemalesuada.com', '06 56 26 23 60'),
(35013, 'HDX35FGW5LL', 'Pass plusieurs jours', 'Lowery', 'Mason', 'sit.amet@aliquamadipiscinglacus.com', '07 51 38 64 72'),
(35014, 'UBP18FDY3EQ', 'Billet journee', 'Williamson', 'Abigail', 'curabitur@tellusfaucibus.org', '02 27 08 11 75'),
(35015, 'GMB57RNO4LQ', 'Premium', 'Morales', 'Brenden', 'bibendum.donec@quam.org', '05 30 03 44 26'),
(35016, 'AEY54IYU5HZ', 'Billet journee', 'Barlow', 'Iris', 'neque@utipsumac.edu', '06 16 84 30 20'),
(35017, 'ULL62USW0QS', 'Pass plusieurs jours', 'Dawson', 'Moana', 'massa.non.ante@imperdiet.com', '03 44 78 55 20'),
(35018, 'TBY43FSQ3SI', 'Billet journee', 'Pugh', 'Tarik', 'arcu.curabitur.ut@sempernamtempor.com', '02 10 66 07 53'),
(35019, 'UBO50FWS5YI', 'Premium', 'Rodriquez', 'Evan', 'ut.tincidunt.vehicula@tristique.co.uk', '03 96 85 16 76'),
(35020, 'ZLL33NGS2IB', 'Billet journee', 'Morin', 'Sebastian', 'pretium.neque@consectetuercursus.org', '08 74 37 71 07'),
(35021, 'GTV61MPW4AR', 'Pass plusieurs jours', 'Evans', 'Sophia', 'nulla@variusultricesmauris.co.uk', '03 59 94 79 81'),
(35022, 'APU13JOD1LI', 'Pass plusieurs jours', 'Rice', 'Thor', 'netus.et.malesuada@egetmassasuspendisse.edu', '08 79 68 63 84'),
(35023, 'OGH44ZZE1RM', 'Billet journee', 'Robles', 'Irma', 'arcu.vestibulum@luctusfelispurus.edu', '05 39 68 36 20'),
(35024, 'PMQ58MMX6VD', 'Pass plusieurs jours', 'Lynch', 'Courtney', 'luctus.aliquet@quispedesuspendisse.net', '05 71 10 86 91'),
(35025, 'ACL47YOG3SY', 'Pass plusieurs jours', 'Joyce', 'Elijah', 'sem.elit@nisinibh.org', '02 44 21 54 54'),
(35026, 'HUB72JNT6BA', 'Pass plusieurs jours', 'Terrell', 'Breanna', 'amet.orci@gravida.org', '08 19 42 27 18'),
(35027, 'RPT45MFV4NQ', 'Premium', 'Atkins', 'Abbot', 'gravida.non.sollicitudin@vitae.net', '05 17 92 58 19'),
(35028, 'GYX72QLJ9KJ', 'Billet journee', 'Sanchez', 'Lydia', 'ipsum@odio.com', '05 23 80 57 82'),
(35029, 'RUB45XLX4YI', 'Billet journee', 'Sloan', 'Maxwell', 'amet@et.com', '08 66 01 33 63'),
(35030, 'JJH44RXP1TU', 'Billet journee', 'Hall', 'Maile', 'ultrices@mattisintegereu.com', '08 76 36 54 79'),
(35031, 'GXS75VVX3LY', 'Billet journee', 'Nielsen', 'Katell', 'lobortis.nisi@nullain.ca', '08 20 00 61 37'),
(35032, 'ZMU28CKF1VR', 'Billet journee', 'Burris', 'Nathan', 'at.risus@posuerecubilia.com', '01 83 05 13 00'),
(35033, 'DMD18PAM4FL', 'Premium', 'Stark', 'Angelica', 'sem.semper@orciluctus.co.uk', '03 15 04 11 62'),
(35034, 'IWD12XDD4NH', 'Pass plusieurs jours', 'Riggs', 'McKenzie', 'pede@ut.edu', '01 81 62 37 19'),
(35035, 'HDO78OIY0BT', 'Pass plusieurs jours', 'Donovan', 'Tanisha', 'fermentum.arcu@euismodin.com', '07 69 90 55 45'),
(35036, 'ILI53IVO6YN', 'Pass plusieurs jours', 'Richard', 'Graham', 'mi.lacinia@commodohendrerit.com', '08 13 14 50 88'),
(35037, 'YYM82QEL7VH', 'Pass plusieurs jours', 'Fischer', 'Abdul', 'vel.est@aliquet.co.uk', '01 76 26 04 23'),
(35038, 'AKP24GCP0BD', 'Billet journee', 'Johnson', 'Vivien', 'tortor.nibh@nuncnulla.net', '07 04 21 87 31'),
(35039, 'SKO16NWB4CI', 'Premium', 'Lara', 'Jasper', 'velit.cras@dapibusrutrumjusto.edu', '03 40 36 22 51'),
(35040, 'MOV31ASD5MF', 'Pass plusieurs jours', 'Osborne', 'Carla', 'non@nullamsuscipit.co.uk', '02 34 12 36 81'),
(35041, 'BTC09SHD2PT', 'Billet journee', 'Booth', 'Leo', 'nunc.sollicitudin.commodo@atfringilla.edu', '06 47 12 24 16'),
(35042, 'LZT60UVO5GO', 'Premium', 'Morris', 'Anthony', 'nunc@enimconsequat.edu', '06 56 61 31 60'),
(35043, 'XKA77YYB5QL', 'Billet journee', 'Harrington', 'Tashya', 'cras@variusnam.ca', '03 23 97 09 16'),
(35044, 'XUB96QNF5GU', 'Billet journee', 'Curry', 'Derek', 'mattis@diamduis.com', '05 53 71 08 92'),
(35045, 'YXH23PDY3TI', 'Pass plusieurs jours', 'Rios', 'Macaulay', 'vitae.mauris@afelisullamcorper.ca', '08 45 05 42 11'),
(35046, 'HZL31MYC3WM', 'Premium', 'Carter', 'Amelia', 'vitae.aliquam@elementumsemvitae.org', '09 70 44 31 67'),
(35047, 'QNH60TNU8RP', 'Billet journee', 'Sanders', 'Darryl', 'fringilla.porttitor@vulputateullamcorper.com', '01 44 76 58 20'),
(35048, 'DNN57DTC4KW', 'Premium', 'Copeland', 'Jason', 'molestie@mitempor.ca', '04 88 92 07 62'),
(35049, 'WRG45KFI3RU', 'Premium', 'Massey', 'Cleo', 'luctus.aliquet@etmagnisdis.net', '04 37 64 21 24'),
(35050, 'IYV28ZQS1DD', 'Pass plusieurs jours', 'Hopkins', 'Grady', 'scelerisque@aliquamerat.net', '01 76 62 34 03'),
(35051, 'OFT23LLM3AL', 'Premium', 'Adams', 'Camden', 'sagittis.lobortis@enimdiam.com', '05 97 71 82 26'),
(35052, 'IRD55DBE5UC', 'Pass plusieurs jours', 'Robertson', 'Nell', 'semper.nam.tempor@ipsumcursus.com', '02 52 64 21 05'),
(35053, 'XHI16VLB5QN', 'Pass plusieurs jours', 'Goodwin', 'Rina', 'neque.tellus@mollis.ca', '05 99 36 30 89'),
(35054, 'SUJ32CQL7LD', 'Billet journee', 'Castillo', 'Xander', 'penatibus@eratvivamus.org', '07 88 81 36 25'),
(35055, 'KSZ44MHD7WV', 'Premium', 'Langley', 'Carly', 'mollis.dui.in@nasceturridiculus.co.uk', '07 01 12 91 33'),
(35056, 'TUL17KBB1KW', 'Premium', 'Blackburn', 'Herrod', 'egestas.duis@posuereat.co.uk', '09 67 71 02 62'),
(35057, 'HKG39UXE6QK', 'Pass plusieurs jours', 'Hopkins', 'Erich', 'tempus.scelerisque@nonenimcommodo.edu', '02 42 72 44 11'),
(35058, 'SLB91CUL3OW', 'Pass plusieurs jours', 'Cunningham', 'Hayley', 'consectetuer.adipiscing.elit@maurissagittisplacerat.co.uk', '04 38 84 53 48'),
(35059, 'STS99RVU2KM', 'Billet journee', 'Schroeder', 'Myra', 'id.risus.quis@mattiscras.net', '05 26 89 78 47'),
(35060, 'ERW43PVK5FT', 'Billet journee', 'Fry', 'Hyacinth', 'quisque.libero@antemaecenasmi.org', '03 05 51 47 42'),
(35061, 'YON43FPF6ID', 'Billet journee', 'Branch', 'Ruby', 'nullam.lobortis@aliquamerat.com', '03 56 61 78 25'),
(35062, 'PUV32LKJ3ZO', 'Premium', 'Hart', 'Briar', 'etiam.ligula@felisdonec.com', '07 36 62 35 03'),
(35063, 'QCR38HYB1EE', 'Premium', 'Johnston', 'Stephen', 'elit@ametrisusdonec.ca', '09 55 99 05 84'),
(35064, 'EVI43OFR8LG', 'Pass plusieurs jours', 'Brock', 'Buckminster', 'iaculis.nec@duinecurna.org', '01 19 52 58 89'),
(35065, 'BWK17CYV4KP', 'Pass plusieurs jours', 'Kidd', 'Ahmed', 'phasellus@bibendumdonec.edu', '03 42 85 41 82'),
(35066, 'DQU52UQA8UE', 'Billet journee', 'Wilcox', 'Angelica', 'urna@nisicum.co.uk', '07 61 18 63 38'),
(35067, 'NMG14BKX1JS', 'Premium', 'Park', 'Meghan', 'integer@scelerisqueneque.co.uk', '04 14 64 76 15'),
(35068, 'CXK32TJM3DR', 'Premium', 'Clay', 'Connor', 'nullam.ut@cumsociisnatoque.edu', '01 39 54 63 78'),
(35069, 'VMZ57VUN8SJ', 'Premium', 'Davidson', 'Lucian', 'interdum.sed@donecegestasduis.co.uk', '05 52 14 58 75'),
(35070, 'EKS81SCY7LW', 'Pass plusieurs jours', 'Gomez', 'Halla', 'cursus.non@enimnunc.edu', '02 85 34 65 66'),
(35071, 'GWI20EXV9HR', 'Billet journee', 'Alford', 'Nadine', 'sit@nulladignissim.net', '04 30 42 61 80'),
(35072, 'HBE04JPT7LM', 'Premium', 'Galloway', 'Nehru', 'vitae.aliquam.eros@magnased.co.uk', '02 71 40 23 54'),
(35073, 'NQI17OVT1FC', 'Premium', 'Crawford', 'Paul', 'ut.dolor@auctor.net', '09 64 93 71 07'),
(35074, 'OWG85YLH5XN', 'Billet journee', 'Atkins', 'Kennan', 'et.tristique@magnaduis.co.uk', '03 88 80 29 52'),
(35075, 'JMI85RLW1MI', 'Pass plusieurs jours', 'Woodward', 'Brenda', 'sit.amet@pellentesquemassalobortis.co.uk', '06 72 24 09 74'),
(35076, 'BXK54RGU8CP', 'Pass plusieurs jours', 'Rodgers', 'Kylee', 'aliquam.fringilla@faucibusorci.edu', '02 51 57 63 74'),
(35077, 'IQL37MNA4MR', 'Pass plusieurs jours', 'Silva', 'Omar', 'neque.sed@semperet.edu', '07 83 71 65 27'),
(35078, 'UQN48SEK8XP', 'Billet journee', 'Cannon', 'Gil', 'nec.urna@maurisblanditmattis.co.uk', '01 45 04 64 43'),
(35079, 'BZQ38QFF8MN', 'Billet journee', 'Alvarado', 'Alana', 'mauris.blandit@magna.org', '08 63 44 48 16'),
(35080, 'CKX03UTL4BK', 'Premium', 'Adkins', 'Willow', 'sed.libero.proin@ornarefusce.edu', '07 73 16 63 58'),
(35081, 'HYL48TKO4DT', 'Pass plusieurs jours', 'William', 'Ebony', 'erat.eget@dolorsit.ca', '02 36 11 26 17'),
(35082, 'NFC33DMC4FD', 'Billet journee', 'Hartman', 'Madison', 'et.magnis.dis@ametfaucibus.ca', '02 43 51 18 39'),
(35083, 'OMK61SUH6PL', 'Billet journee', 'Weaver', 'Catherine', 'metus.in@elementumsemvitae.net', '04 85 53 25 30'),
(35084, 'DLQ79FQS9VW', 'Premium', 'Whitfield', 'Avram', 'quis.urna.nunc@tortordictumeu.edu', '02 10 52 10 65'),
(35085, 'FBV40DBP3PV', 'Premium', 'Burgess', 'Martin', 'nec.ligula@velitinaliquet.org', '07 08 63 85 82'),
(35086, 'VUF08VMX3OY', 'Billet journee', 'Tyler', 'Bo', 'lorem@maurisblandit.ca', '02 76 54 47 55'),
(35087, 'VVX84NKO8BH', 'Premium', 'Rowe', 'Marcia', 'massa.mauris@sedsem.com', '02 58 85 36 25'),
(35088, 'FMN75LAD4IR', 'Premium', 'Levy', 'Alana', 'erat.in@nequenullamnisl.com', '06 58 75 24 48'),
(35089, 'GTJ76QRZ5SU', 'Billet journee', 'Decker', 'Zachary', 'neque.in@cursus.org', '08 82 20 77 65'),
(35090, 'ABQ82DSJ0WM', 'Billet journee', 'Acevedo', 'Hilary', 'duis@maecenasmi.edu', '01 77 09 45 75'),
(35091, 'IKP75ULR5EP', 'Billet journee', 'Lott', 'Madaline', 'id.sapien@a.co.uk', '02 34 45 36 20'),
(35092, 'KFD55HVO4QI', 'Pass plusieurs jours', 'Graves', 'Evelyn', 'etiam.laoreet@utpellentesque.net', '09 59 50 48 33'),
(35093, 'SLH68EBK5OJ', 'Premium', 'Larsen', 'Florence', 'nunc.sed.libero@parturientmontes.com', '04 13 82 24 55'),
(35094, 'OMV57WOG4CC', 'Premium', 'Welch', 'Jane', 'id@nuncid.co.uk', '08 85 37 66 13'),
(35095, 'JYW89WVE8BU', 'Premium', 'Mcdowell', 'Lynn', 'vitae.posuere@interdumfeugiatsed.net', '01 87 88 83 80'),
(35096, 'LFE62RYB7EJ', 'Pass plusieurs jours', 'Little', 'Devin', 'sed.tortor@gravidamolestiearcu.org', '09 48 41 71 63'),
(35097, 'IBG68THH3AE', 'Pass plusieurs jours', 'Love', 'Hermione', 'dolor.fusce@egetmollis.co.uk', '02 81 87 84 34'),
(35098, 'HBV21IER3DP', 'Premium', 'Romero', 'Mohammad', 'dui.semper@sollicitudin.org', '08 05 12 64 65'),
(35099, 'PUO91XDF5OR', 'Pass plusieurs jours', 'Carter', 'Hakeem', 'enim.suspendisse.aliquet@primisin.edu', '01 53 71 76 52'),
(35100, 'VMT22NKD2II', 'Billet journee', 'Hickman', 'Hanna', 'mauris.vestibulum.neque@sem.ca', '08 14 77 18 34'),
(35101, 'NXC01IWA0HB', 'Pass plusieurs jours', 'Perkins', 'Mohammad', 'integer@libero.ca', '03 51 87 59 87'),
(35102, 'WES45SJX0KT', 'Premium', 'Franks', 'Quentin', 'suspendisse@etultrices.ca', '08 31 60 82 80'),
(35103, 'YRE67MPF8RN', 'Premium', 'Carr', 'Hilel', 'aliquet.proin@elitpharetra.com', '06 44 23 64 14'),
(35104, 'TED96AEN0XF', 'Pass plusieurs jours', 'Holland', 'Mechelle', 'non.quam@ante.ca', '02 48 84 13 25'),
(35105, 'FKJ19BMS6LO', 'Pass plusieurs jours', 'Hardy', 'Fallon', 'aliquam.adipiscing@sodales.net', '03 36 74 56 60'),
(35106, 'IWO36INH2WC', 'Pass plusieurs jours', 'Solomon', 'Hop', 'augue.eu@sedmolestie.com', '08 18 13 69 96'),
(35107, 'GHH44FDG0OK', 'Pass plusieurs jours', 'Irwin', 'Kathleen', 'nascetur.ridiculus@magnatellusfaucibus.edu', '01 37 77 10 84'),
(35108, 'AVF47UQW2SH', 'Pass plusieurs jours', 'Calderon', 'Harding', 'sem.consequat@lectussitamet.edu', '04 02 39 17 77'),
(35109, 'LDH67ERF8WY', 'Billet journee', 'Farley', 'Sacha', 'eleifend.nec.malesuada@temporest.ca', '08 77 27 55 72'),
(35110, 'WTS84KUL5OM', 'Premium', 'May', 'Melissa', 'malesuada.fames.ac@integer.net', '02 41 81 49 85'),
(35111, 'OWG75OGO9FV', 'Pass plusieurs jours', 'Savage', 'Walker', 'amet.dapibus@eget.co.uk', '07 08 27 23 35'),
(35112, 'CDM22XHL1QG', 'Premium', 'Bernard', 'Karina', 'cursus.nunc@vestibulumnec.net', '01 55 03 85 47'),
(35113, 'CVO42BQW0CH', 'Pass plusieurs jours', 'Cash', 'Neville', 'at.pede@natoquepenatibuset.org', '08 02 14 47 28'),
(35114, 'XZY31AUK2DC', 'Billet journee', 'Frazier', 'Elliott', 'faucibus.lectus@ascelerisquesed.ca', '07 81 40 13 72'),
(35115, 'NPH01WSV4KG', 'Pass plusieurs jours', 'Davidson', 'Mia', 'fermentum.arcu@nibhphasellus.ca', '08 64 38 54 66'),
(35116, 'MCT37UWQ1SB', 'Pass plusieurs jours', 'Tucker', 'Marvin', 'pede.sagittis@suspendisseduifusce.net', '08 60 88 06 23'),
(35117, 'ARO68WRS5NC', 'Billet journee', 'Stein', 'Lois', 'eros.nec@odiosagittis.ca', '03 65 24 14 67'),
(35118, 'NBN70VJW5GE', 'Premium', 'Landry', 'Francis', 'lacus@velit.ca', '01 90 17 58 84'),
(35119, 'LPF97DBY6YV', 'Billet journee', 'Solis', 'Baxter', 'tincidunt@phasellusliberomauris.org', '05 39 21 78 67'),
(35120, 'PIM04HMI8BB', 'Premium', 'Dixon', 'Samuel', 'risus.nulla@tellus.net', '06 32 87 26 52'),
(35121, 'WOO57KLZ6FQ', 'Billet journee', 'Kemp', 'Honorato', 'vulputate@non.ca', '04 91 62 16 45'),
(35122, 'IDQ65XVK0PF', 'Billet journee', 'Miller', 'Edan', 'nulla.donec.non@a.edu', '05 47 69 41 34'),
(35123, 'TCC72NGY0MP', 'Billet journee', 'Benjamin', 'Nigel', 'lorem.ipsum@loremfringillaornare.edu', '06 23 38 28 64'),
(35124, 'HSG38QST8BE', 'Pass plusieurs jours', 'Medina', 'Quinn', 'dolor.sit.amet@orcilacusvestibulum.edu', '09 61 21 53 95'),
(35125, 'UDJ16SBO0LV', 'Premium', 'Owens', 'Ferdinand', 'tincidunt@vulputateduinec.org', '06 17 03 87 51'),
(35126, 'FIW63CQJ2CG', 'Billet journee', 'Kirkland', 'Joelle', 'hendrerit.neque@massavestibulum.co.uk', '04 56 90 68 73'),
(35127, 'SDI17APR9DG', 'Billet journee', 'Harrison', 'Rajah', 'amet.faucibus.ut@vestibulumnequesed.org', '05 78 43 71 83'),
(35128, 'JUF15QOP2XI', 'Pass plusieurs jours', 'Patton', 'Brandon', 'velit@erat.net', '07 13 75 28 27'),
(35129, 'FKO67VEK4OQ', 'Billet journee', 'Hebert', 'Teagan', 'iaculis@velconvallis.com', '04 48 66 44 02'),
(35130, 'KBF39JER8OS', 'Pass plusieurs jours', 'Murray', 'Hedy', 'in.consequat@etmagna.com', '04 02 80 33 50'),
(35131, 'XCG18NOS0FB', 'Pass plusieurs jours', 'Campbell', 'Isaiah', 'augue.porttitor.interdum@vivamus.edu', '05 14 51 82 29'),
(35132, 'WBP09OOB6VI', 'Billet journee', 'Myers', 'Dennis', 'mauris@molestiesodalesmauris.ca', '04 87 46 22 04'),
(35133, 'XMM31ICU1LX', 'Billet journee', 'Good', 'Marsden', 'hendrerit.id.ante@nonfeugiatnec.net', '06 95 16 53 77'),
(35134, 'TNX46GLG8VU', 'Billet journee', 'Santos', 'Josephine', 'aliquam.gravida.mauris@eulacus.org', '05 20 64 29 18'),
(35135, 'UCQ58HHC1IK', 'Premium', 'Meadows', 'Vance', 'quam.quis@crasdictum.co.uk', '08 43 54 26 51'),
(35136, 'VPQ10XQE7CE', 'Premium', 'Bradshaw', 'Mufutau', 'aliquet.vel@mauris.edu', '02 22 78 48 11'),
(35137, 'WEA20JCV7UB', 'Premium', 'Vega', 'Ingrid', 'aliquet.nec.imperdiet@inscelerisque.org', '09 45 17 21 85'),
(35138, 'WSR75GUG8KG', 'Billet journee', 'Rocha', 'Duncan', 'etiam.ligula@donecfringilla.ca', '03 73 01 43 98'),
(35139, 'GPB68SJH7ES', 'Billet journee', 'Reese', 'Ian', 'augue.scelerisque@nectempus.net', '06 86 62 83 14'),
(35140, 'IBZ57DGU5TR', 'Pass plusieurs jours', 'Sosa', 'Olympia', 'nec.euismod@ipsum.co.uk', '04 58 41 13 35'),
(35141, 'OOM58KFW4TX', 'Billet journee', 'Welch', 'Azalia', 'dui.augue.eu@dignissimpharetra.co.uk', '07 73 43 71 88'),
(35142, 'QNG48VCK8HZ', 'Billet journee', 'Wood', 'Joel', 'elementum@risus.co.uk', '07 41 24 16 39'),
(35143, 'PIS47CEG6OH', 'Billet journee', 'Sosa', 'Hayley', 'risus.in@vivamus.com', '08 08 83 63 12'),
(35144, 'WEW66WZC8DO', 'Billet journee', 'Mccormick', 'Darryl', 'nisi.nibh.lacinia@orcilacus.org', '04 31 35 78 58'),
(35145, 'KFQ02PDW9TS', 'Billet journee', 'Fulton', 'Sophia', 'viverra.donec@mattisinteger.org', '01 51 14 80 83'),
(35146, 'MMA58RYU5FP', 'Pass plusieurs jours', 'Acevedo', 'Jerry', 'curae@consectetuer.org', '06 06 63 22 32'),
(35147, 'RES35DCR2UM', 'Billet journee', 'Sosa', 'Hasad', 'orci.ut.sagittis@nuncsedorci.co.uk', '08 17 24 28 01'),
(35148, 'UWY17SHQ6QY', 'Billet journee', 'Fitzpatrick', 'Ainsley', 'felis.eget.varius@condimentumeget.com', '05 74 77 36 31'),
(35149, 'VQR16RRL7AT', 'Premium', 'Ford', 'Mikayla', 'lacus.quisque@fringilla.org', '03 95 42 46 14'),
(35150, 'KQN67STG1XL', 'Pass plusieurs jours', 'Shaw', 'Yvette', 'cras.dolor@sempertellus.com', '03 47 57 61 57'),
(35151, 'SIX96KPJ1YR', 'Premium', 'Castro', 'Benjamin', 'faucibus@lectusconvallisest.ca', '05 95 11 58 22'),
(35152, 'PSH62JRT2OG', 'Billet journee', 'Burks', 'Noelle', 'integer.vitae@euaugue.co.uk', '07 14 11 41 75'),
(35153, 'SVF02AHN8IK', 'Pass plusieurs jours', 'Brewer', 'Steven', 'fringilla@tinciduntvehicula.org', '07 47 13 48 05'),
(35154, 'QFZ42FVG1HC', 'Pass plusieurs jours', 'Aguirre', 'Alma', 'euismod.urna@adipiscingelitaliquam.com', '07 80 27 45 44'),
(35155, 'JOR37JOP6EX', 'Billet journee', 'Hunter', 'Byron', 'consequat.dolor.vitae@eleifend.ca', '05 88 41 28 34'),
(35156, 'ZPB26ZKQ8CS', 'Premium', 'Booker', 'Ahmed', 'eu.tempor@nullaeu.net', '07 01 81 80 64'),
(35157, 'XGA77FIF4FZ', 'Billet journee', 'Peterson', 'Mia', 'consequat.purus.maecenas@lacusaliquamrutrum.org', '01 79 34 95 16'),
(35158, 'RJJ23NWE8CF', 'Billet journee', 'Mcclure', 'Griffith', 'ultricies.ligula@massavestibulumaccumsan.co.uk', '02 38 69 39 74'),
(35159, 'IKU46UDY9GD', 'Billet journee', 'Bishop', 'Alden', 'quisque@duisemperet.org', '06 57 11 68 37'),
(35160, 'BTI43DHP1MN', 'Pass plusieurs jours', 'Harmon', 'Angelica', 'dui.cras@odioauctor.net', '04 62 27 07 32'),
(35161, 'TVZ52ALJ3XE', 'Premium', 'Underwood', 'September', 'vel.lectus.cum@vulputateposuere.com', '02 26 96 27 75'),
(35162, 'QEP20BSA3SZ', 'Pass plusieurs jours', 'Finch', 'Keelie', 'nonummy.ipsum@consectetuer.edu', '04 63 83 39 54'),
(35163, 'HXR53EFT8WN', 'Premium', 'Bauer', 'Lucy', 'purus.accumsan@sagittis.org', '04 83 42 66 23'),
(35164, 'NHX96DUG7DK', 'Billet journee', 'Mcdaniel', 'September', 'mauris.quis@ullamcorperviverramaecenas.com', '05 13 38 59 84'),
(35165, 'DRX42OKP9JJ', 'Billet journee', 'Cameron', 'Melinda', 'pede.blandit@gravidanuncsed.edu', '05 15 48 26 99'),
(35166, 'ADU19SHY3YI', 'Pass plusieurs jours', 'Mills', 'Daniel', 'nec.urna.et@amet.org', '06 56 15 37 18'),
(35167, 'MDW58HTW7TC', 'Billet journee', 'Stevenson', 'Mollie', 'rutrum@euenim.net', '06 41 63 18 14'),
(35168, 'XLO70JIG9BP', 'Billet journee', 'Torres', 'Berk', 'mattis.integer.eu@nuncsit.org', '06 10 25 46 55'),
(35169, 'TIB39OIS5SY', 'Billet journee', 'Arnold', 'Nicholas', 'cras.vulputate@necmalesuada.net', '08 29 54 81 25'),
(35170, 'AUY97QSH6JN', 'Premium', 'Johnston', 'Jocelyn', 'justo@aliquamadipiscing.ca', '03 33 18 14 83'),
(35171, 'PMT11RGU2IL', 'Billet journee', 'Landry', 'Moses', 'eu.enim.etiam@semsemper.com', '09 12 15 13 48'),
(35172, 'OHR41MDO8QI', 'Premium', 'Garza', 'Zeus', 'molestie.sed@sedpharetra.ca', '09 47 67 34 55'),
(35173, 'FBI34UHE2OK', 'Pass plusieurs jours', 'Hooper', 'Rachel', 'dolor.quisque.tincidunt@donec.co.uk', '04 31 95 53 48'),
(35174, 'NRM95VER7ZS', 'Pass plusieurs jours', 'Anderson', 'Cade', 'cras@dictum.com', '04 43 76 37 70'),
(35175, 'ECW38BCB9ZF', 'Premium', 'Mitchell', 'Duncan', 'quisque.nonummy@eget.edu', '09 78 87 52 69'),
(35176, 'HTJ87MEV7SK', 'Pass plusieurs jours', 'Gillespie', 'Reuben', 'erat.volutpat@consectetueradipiscing.com', '07 74 41 41 45'),
(35177, 'WMJ08QPJ1PT', 'Premium', 'William', 'Hakeem', 'rhoncus.donec@ac.co.uk', '09 55 36 65 61'),
(35178, 'LRB42KBM8NG', 'Pass plusieurs jours', 'Love', 'Stephen', 'lorem.eget@pedecras.org', '04 55 12 34 76'),
(35179, 'ZGE12BKI5JJ', 'Pass plusieurs jours', 'Flynn', 'Alisa', 'pellentesque.eget.dictum@eros.org', '03 55 05 72 02'),
(35180, 'WRK05SBD4TJ', 'Billet journee', 'Byrd', 'Xander', 'nibh@phasellusdapibusquam.com', '07 76 65 12 62'),
(35181, 'GBV16YGJ0HG', 'Billet journee', 'Mendoza', 'Harrison', 'suspendisse.commodo.tincidunt@sedet.net', '04 66 31 18 15'),
(35182, 'NMZ30UUS3UK', 'Premium', 'Schmidt', 'Norman', 'ac.libero.nec@pedenunc.com', '03 95 63 61 60'),
(35183, 'WHF48APB2UX', 'Billet journee', 'Dickson', 'Roth', 'dapibus@fringillaeuismod.net', '06 30 15 88 92'),
(35184, 'HJE38HPO0PM', 'Pass plusieurs jours', 'Hays', 'Tamekah', 'adipiscing.ligula.aenean@elitetiamlaoreet.ca', '02 61 44 57 76'),
(35185, 'ZDY66UXD1DH', 'Billet journee', 'Guthrie', 'Courtney', 'proin.mi@adui.com', '08 68 34 60 16'),
(35186, 'NPT38VUV9AO', 'Billet journee', 'Mccormick', 'Robin', 'nullam.vitae@rutrumurnanec.ca', '08 17 45 31 73'),
(35187, 'KYK12LYZ2HI', 'Premium', 'Weaver', 'Amanda', 'accumsan@bibendumdonec.org', '04 21 15 16 62'),
(35188, 'RDP38SXG6NC', 'Pass plusieurs jours', 'Schneider', 'Emery', 'ornare@disparturient.org', '09 58 58 77 22'),
(35189, 'OUP38BOC1YJ', 'Billet journee', 'Moran', 'Anastasia', 'lacinia.at.iaculis@natoque.co.uk', '08 10 79 44 74'),
(35190, 'XIR81TVH7OH', 'Billet journee', 'Riddle', 'Fulton', 'mauris@lectus.net', '03 74 78 21 52'),
(35191, 'PXR16JIN6QR', 'Billet journee', 'Mercado', 'Yen', 'ipsum@risus.ca', '09 92 03 68 20'),
(35192, 'MRV77LXN0EG', 'Premium', 'Cervantes', 'Tanek', 'porttitor.vulputate@consequatenim.ca', '07 23 76 82 42'),
(35193, 'JNN83NGQ8TY', 'Billet journee', 'Romero', 'Jayme', 'sed.neque@ut.co.uk', '07 42 65 18 81'),
(35194, 'XLC51FRS5RW', 'Premium', 'Walker', 'Kareem', 'sed.sem@sed.ca', '02 67 89 82 52'),
(35195, 'NBS11WYN2DB', 'Pass plusieurs jours', 'Donaldson', 'Claire', 'et.ipsum@magna.ca', '06 41 66 71 61'),
(35196, 'DCS44QAI3AP', 'Billet journee', 'Nielsen', 'Russell', 'auctor.velit@accumsan.edu', '08 83 24 83 36'),
(35197, 'AET24UVG5JE', 'Pass plusieurs jours', 'Porter', 'Stacey', 'integer.tincidunt.aliquam@sociis.ca', '04 72 74 76 34'),
(35198, 'FOF22XHN1MX', 'Pass plusieurs jours', 'Hall', 'Wade', 'aenean.gravida@seddictum.net', '03 28 47 12 35'),
(35199, 'JZV14LBR8WK', 'Billet journee', 'Buck', 'Cailin', 'dignissim.tempor.arcu@purussapien.co.uk', '03 74 77 11 56'),
(35200, 'VEQ43LDK5WN', 'Pass plusieurs jours', 'Wagner', 'Portia', 'urna.et@anequenullam.org', '09 25 27 89 71'),
(35201, 'RUJ02DMJ7ZN', 'Premium', 'Dominguez', 'Mason', 'fringilla.est.mauris@necmauris.co.uk', '07 86 63 21 27'),
(35202, 'YMM22TIA4IM', 'Pass plusieurs jours', 'Gibson', 'Xavier', 'aliquet@aaliquetvel.co.uk', '08 38 53 88 67'),
(35203, 'UZP66UWP7GI', 'Billet journee', 'Barnett', 'Brenna', 'magna.a@orciquislectus.edu', '07 54 58 82 45'),
(35204, 'WCP19TPY3OJ', 'Premium', 'Barker', 'Octavia', 'ante.lectus@pellentesquehabitantmorbi.net', '02 27 01 15 95'),
(35205, 'WRT01ZDB7WZ', 'Pass plusieurs jours', 'Emerson', 'Xenos', 'ipsum.dolor@dictumeu.edu', '05 88 75 83 57'),
(35206, 'GTM25GJG5VX', 'Pass plusieurs jours', 'Moon', 'Emerald', 'nec.leo@intempuseu.edu', '06 15 58 25 01'),
(35207, 'OWO75EWV6YM', 'Pass plusieurs jours', 'Hernandez', 'Jasper', 'bibendum.ullamcorper@massaintegervitae.net', '07 71 09 71 12'),
(35208, 'TOJ83IXB1RX', 'Premium', 'Hamilton', 'Ciara', 'dictum.eu@id.org', '02 42 48 51 72'),
(35209, 'WFL37BDG2KQ', 'Billet journee', 'Drake', 'Nicole', 'per.conubia@arcused.net', '06 30 15 76 46'),
(35210, 'WUU12TFD4KV', 'Pass plusieurs jours', 'Cline', 'Hilary', 'consequat.dolor@duiscursusdiam.edu', '03 12 87 36 33'),
(35211, 'BUZ31HKW7GG', 'Billet journee', 'Paul', 'Brody', 'vitae.erat@volutpat.org', '08 74 98 83 72'),
(35212, 'DEP80JGO9JX', 'Billet journee', 'Farmer', 'Kelly', 'ut.eros.non@ipsumprimis.co.uk', '05 52 86 78 31'),
(35213, 'OVD73QOR5WW', 'Billet journee', 'James', 'Peter', 'quisque.porttitor.eros@fringilla.com', '05 22 52 26 43'),
(35214, 'KET20TFY0GT', 'Pass plusieurs jours', 'Clemons', 'Nola', 'penatibus.et@fuscemilorem.co.uk', '07 22 31 15 72'),
(35215, 'CEP84RQO7SJ', 'Premium', 'Benton', 'Lenore', 'lacus.pede.sagittis@malesuadafringillaest.com', '02 16 20 41 42'),
(35216, 'KHO72FMM9BY', 'Pass plusieurs jours', 'Fox', 'Orson', 'imperdiet.non.vestibulum@etiamvestibulummassa.ca', '08 12 10 78 50'),
(35217, 'QMC64DGC7LY', 'Premium', 'Benton', 'Ori', 'turpis.egestas@phasellusdapibus.net', '04 36 21 37 55'),
(35218, 'SYS34WYA0XK', 'Billet journee', 'Stokes', 'Brennan', 'blandit.nam@euaccumsansed.edu', '09 44 84 78 57'),
(35219, 'VKB63QFL5VB', 'Billet journee', 'Irwin', 'Megan', 'erat@quisquetincidunt.co.uk', '08 24 39 07 45'),
(35220, 'WGU21BVQ7RU', 'Pass plusieurs jours', 'Lane', 'Neve', 'nisi.sem.semper@urnanullamlobortis.net', '02 48 85 99 42'),
(35221, 'JLW51TJK0NU', 'Billet journee', 'Swanson', 'Zia', 'at.pede@tortoratrisus.edu', '08 96 79 14 25'),
(35222, 'CXV82VWS9LZ', 'Premium', 'Suarez', 'Gretchen', 'dui.nec@uttincidunt.co.uk', '09 14 92 82 13'),
(35223, 'YFP26HBX0PN', 'Premium', 'Ware', 'Shad', 'rutrum.eu@sagittisaugue.edu', '01 65 42 08 55'),
(35224, 'HRW40LPU5SR', 'Premium', 'Morse', 'Clementine', 'erat.etiam.vestibulum@vitaedolor.org', '03 20 65 76 46'),
(35225, 'JHN16KHK8ER', 'Premium', 'Barrett', 'Rebekah', 'fermentum.risus@craseu.ca', '02 13 69 92 01'),
(35226, 'TMH14TPQ1QX', 'Premium', 'England', 'Samuel', 'id.ante@erosnec.ca', '02 56 12 01 27'),
(35227, 'JQA88NVB5UE', 'Premium', 'Mullins', 'Drake', 'ipsum.suspendisse.sagittis@faucibuslectus.edu', '01 77 35 05 00'),
(35228, 'DBH20QPS6OI', 'Premium', 'Gomez', 'Freya', 'molestie.orci@mi.net', '04 85 88 62 39'),
(35229, 'LYE57HNM6IS', 'Premium', 'Wells', 'Lyle', 'auctor.ullamcorper@orciut.co.uk', '02 21 52 79 06'),
(35230, 'NXB21HWF4BM', 'Billet journee', 'Wooten', 'Jenna', 'curabitur.egestas@magnisdisparturient.ca', '05 57 41 68 92'),
(35231, 'PCM76TTW2GV', 'Premium', 'Dunn', 'Rogan', 'enim.curabitur@morbisit.co.uk', '02 69 29 62 02'),
(35232, 'HJO11LGI1BQ', 'Premium', 'Kirkland', 'Hope', 'donec.elementum.lorem@magna.co.uk', '02 49 52 99 38'),
(35233, 'QXJ66DBC3ZI', 'Billet journee', 'Joyce', 'Christine', 'neque.sed@justo.org', '08 83 59 10 14'),
(35234, 'ORR61WSB6JB', 'Premium', 'Frye', 'Mason', 'in.mi@augueporttitorinterdum.org', '04 10 12 19 85'),
(35235, 'YRE89TGC2DD', 'Premium', 'Gordon', 'Kessie', 'et@quamdignissimpharetra.ca', '03 35 75 42 87'),
(35236, 'OBM25RWN7NB', 'Pass plusieurs jours', 'Stephens', 'Maryam', 'sem.vitae.aliquam@mauris.com', '01 12 41 40 99'),
(35237, 'IXD48KIY3YE', 'Premium', 'Buck', 'Karen', 'proin.mi.aliquam@convallis.org', '08 53 51 98 02'),
(35238, 'BOS78TKU3CG', 'Pass plusieurs jours', 'Fuentes', 'Alec', 'lorem@sem.com', '08 02 50 36 38'),
(35239, 'MBF23CFJ4BV', 'Premium', 'Lowe', 'Jermaine', 'arcu.curabitur@tellusphasellus.co.uk', '03 54 68 53 59'),
(35240, 'NBY15XDN0MH', 'Billet journee', 'Good', 'Guy', 'vulputate@quispede.com', '08 68 62 28 92'),
(35241, 'IKZ61MLN8WI', 'Premium', 'Andrews', 'Camden', 'consectetuer@utpharetrased.net', '06 66 75 65 02'),
(35242, 'EWM76AOL5FB', 'Billet journee', 'Moreno', 'Dana', 'est.arcu.ac@ipsum.edu', '06 34 53 56 96'),
(35243, 'PYX53YUH3EH', 'Pass plusieurs jours', 'Tanner', 'Abra', 'gravida.non@lectus.org', '03 17 64 44 82'),
(35244, 'FAK46NAH7UU', 'Premium', 'Morton', 'Meghan', 'et.euismod.et@maecenasmalesuada.ca', '06 12 51 69 04'),
(35245, 'MLG32UOG6XD', 'Premium', 'Cobb', 'Madaline', 'urna.vivamus.molestie@euultricessit.com', '02 11 03 64 58'),
(35246, 'NWC25TEE3BI', 'Premium', 'Jordan', 'Sonya', 'hendrerit@ultricesduisvolutpat.edu', '06 58 62 48 45'),
(35247, 'FCP61BCB9PK', 'Pass plusieurs jours', 'Fletcher', 'Francis', 'molestie.arcu.sed@pedecum.org', '07 38 51 74 76'),
(35248, 'CNQ43PSJ7RX', 'Billet journee', 'Merrill', 'Ian', 'justo@arcuvel.ca', '07 53 36 43 11'),
(35249, 'VFT63VVO8JS', 'Billet journee', 'Galloway', 'James', 'magnis.dis@ipsumdolor.org', '06 05 48 01 42'),
(35250, 'QLF86BFF1FI', 'Pass plusieurs jours', 'Wilkinson', 'Keith', 'aliquet.metus@dapibusidblandit.co.uk', '08 53 43 82 33'),
(35251, 'YDO82FMZ1NT', 'Pass plusieurs jours', 'England', 'Kareem', 'mi@loremipsum.org', '03 42 42 05 52'),
(35252, 'DTS49KWV3EB', 'Premium', 'Francis', 'Shannon', 'at@integermollis.com', '08 56 20 75 28'),
(35253, 'LFE34LWJ2YM', 'Billet journee', 'O\'connor', 'Cecilia', 'nisi.mauris@felisnullatempor.net', '03 25 95 72 73'),
(35254, 'XTL88SHO8WO', 'Premium', 'Castillo', 'Tyler', 'arcu.et.pede@musproin.edu', '01 08 74 98 26'),
(35255, 'MVU54NMF0LO', 'Billet journee', 'Langley', 'Craig', 'dolor.vitae@magna.org', '08 86 12 61 94'),
(35256, 'XQC96CRN5SX', 'Pass plusieurs jours', 'Richmond', 'Fritz', 'ornare@adui.ca', '03 44 14 24 87'),
(35257, 'HDW89NFL2LJ', 'Pass plusieurs jours', 'Cooper', 'Hayden', 'nulla.semper.tellus@cum.com', '07 28 00 12 32'),
(35258, 'XLX37GST1YB', 'Billet journee', 'Curtis', 'Lucian', 'magna.nam.ligula@vestibulummassarutrum.net', '08 81 39 66 64'),
(35259, 'CRI63XJG9DZ', 'Premium', 'Downs', 'Aileen', 'convallis.dolor.quisque@quamdignissim.ca', '04 71 02 86 77'),
(35260, 'NCH17NTR7KS', 'Billet journee', 'Prince', 'Marsden', 'erat.vivamus@nisl.edu', '06 18 27 98 55'),
(35261, 'NMS53BGM7VQ', 'Premium', 'Dickerson', 'Malcolm', 'elit.sed@famesac.edu', '04 70 83 55 34'),
(35262, 'EGT17IVR6VJ', 'Pass plusieurs jours', 'Santiago', 'Brent', 'tempor.arcu.vestibulum@tincidunt.com', '04 32 68 30 31'),
(35263, 'OAF48EJY3EU', 'Premium', 'Graham', 'Harding', 'in.ornare@milaciniamattis.co.uk', '03 96 14 75 32'),
(35264, 'OGY38PVT8GW', 'Premium', 'Hobbs', 'Zeus', 'aliquam@metusaenean.com', '08 35 51 75 46'),
(35265, 'LHR43KQH7CM', 'Premium', 'Shaw', 'Ivana', 'arcu@nuncsedorci.co.uk', '01 28 98 36 36'),
(35266, 'CGI70KAS9VX', 'Billet journee', 'Blake', 'Brock', 'odio@elita.ca', '07 98 55 85 85'),
(35267, 'DST94KGW4IM', 'Pass plusieurs jours', 'Hogan', 'Ishmael', 'sit.amet.metus@morbiaccumsan.org', '08 86 42 77 68'),
(35268, 'IOT34YDC7NT', 'Billet journee', 'Guerrero', 'Chanda', 'magnis.dis.parturient@etcommodo.org', '03 83 46 84 16'),
(35269, 'MJS33FLW5EN', 'Pass plusieurs jours', 'Mack', 'Ava', 'arcu.ac.orci@nisidictumaugue.net', '02 78 18 18 55'),
(35270, 'PAJ87VJR1YB', 'Billet journee', 'Tucker', 'Amal', 'ipsum.porta@consequatauctor.co.uk', '05 34 86 32 43'),
(35271, 'THJ58IKX5WH', 'Pass plusieurs jours', 'Howe', 'Noah', 'penatibus@placeratvelit.edu', '08 23 64 72 66'),
(35272, 'KED57VWN0BC', 'Pass plusieurs jours', 'Hubbard', 'Sybil', 'vitae.erat.vel@cubiliacurae.co.uk', '05 88 41 36 17'),
(35273, 'JHW68XMP1MI', 'Billet journee', 'Justice', 'Abdul', 'pellentesque.tellus@odio.com', '03 13 45 86 95'),
(35274, 'TFH03XJY4TF', 'Billet journee', 'Jefferson', 'Amy', 'metus.sit@leovivamusnibh.ca', '03 22 84 40 18'),
(35275, 'YRJ65RHG6SO', 'Billet journee', 'Dickson', 'Jescie', 'tempus.lorem.fringilla@fringillaornare.org', '03 14 49 68 40'),
(35276, 'VPT66VJQ1RG', 'Pass plusieurs jours', 'Beck', 'Katelyn', 'egestas.ligula@indolorfusce.edu', '02 55 16 40 14'),
(35277, 'OOF89VJZ2HD', 'Premium', 'Cruz', 'Katelyn', 'magnis.dis@nibhquisque.co.uk', '04 02 55 53 27'),
(35278, 'IDA14XIF3ED', 'Billet journee', 'Ross', 'Giacomo', 'in@faucibusut.edu', '09 48 45 89 89'),
(35279, 'TCK12VVW2YQ', 'Billet journee', 'Riggs', 'Dennis', 'vehicula.et@malesuada.org', '02 38 32 60 23'),
(35280, 'ZMM44ENN7HE', 'Billet journee', 'Joseph', 'Lilah', 'tempor@gravida.net', '07 85 94 41 28'),
(35281, 'ISG28UGJ3SK', 'Pass plusieurs jours', 'Christian', 'Alexander', 'nunc.mauris@nonummy.ca', '01 85 74 25 07'),
(35282, 'EPI38ZFT4VE', 'Billet journee', 'Graham', 'Shay', 'vestibulum.lorem.sit@eleifendegestassed.net', '04 57 53 60 08'),
(35283, 'ZOB17TNO4IS', 'Billet journee', 'Terrell', 'Connor', 'metus.urna@praesentinterdumligula.net', '05 17 85 38 24'),
(35284, 'OOS45OGB3MI', 'Premium', 'Cash', 'Kyle', 'tempor.augue.ac@estnunclaoreet.co.uk', '05 45 78 28 43'),
(35285, 'ZSJ47PSJ1PT', 'Billet journee', 'Downs', 'Scarlett', 'aliquam.erat@egetlacus.edu', '05 61 24 75 37'),
(35286, 'HHC67OLT8MT', 'Pass plusieurs jours', 'Flores', 'Jelani', 'vestibulum.ut@lobortistellus.edu', '02 40 26 31 47'),
(35287, 'MSZ06ZOY4UG', 'Billet journee', 'Holland', 'Moses', 'neque@a.net', '05 44 26 18 33'),
(35288, 'JUS77VTC6HX', 'Billet journee', 'Montgomery', 'Pearl', 'dis.parturient@porttitortellusnon.com', '03 23 85 14 46'),
(35289, 'QJA74HDY7BN', 'Billet journee', 'Osborne', 'Evelyn', 'nec@curabituregestas.ca', '01 77 56 94 42'),
(35290, 'XPD85ICG8YK', 'Billet journee', 'Sandoval', 'Zorita', 'integer.tincidunt.aliquam@lectusrutrum.com', '02 11 35 94 38'),
(35291, 'PVQ60YTQ1BJ', 'Billet journee', 'Vaughan', 'Ahmed', 'nec.imperdiet@in.net', '05 11 38 71 62'),
(35292, 'DLN31ZGG2RP', 'Premium', 'Page', 'Avram', 'sem.egestas.blandit@velitcras.co.uk', '03 56 53 74 91'),
(35293, 'TBX14NTL5MC', 'Premium', 'Mullen', 'Lawrence', 'erat.vel.pede@asollicitudinorci.net', '08 44 77 36 52'),
(35294, 'ODW94JPD3EQ', 'Pass plusieurs jours', 'Garner', 'Roary', 'sociis@dignissimtemporarcu.ca', '05 82 56 72 33'),
(35295, 'HQI82MFN1OH', 'Premium', 'Conner', 'Serina', 'mauris@ut.edu', '08 56 46 57 38'),
(35296, 'MOR85JWS1CC', 'Billet journee', 'Colon', 'Fuller', 'nisl.elementum@auguesed.ca', '07 23 54 76 35'),
(35297, 'CPX57CFV5GF', 'Pass plusieurs jours', 'Blevins', 'Ferdinand', 'adipiscing@blanditnam.net', '03 81 85 83 73'),
(35298, 'TQD46KMA1HC', 'Premium', 'Bryan', 'Uriah', 'cum@mattisornare.org', '07 73 61 85 24'),
(35299, 'FXY57RZN4QK', 'Premium', 'Hood', 'Ross', 'blandit.enim.consequat@montesnasceturridiculus.co.uk', '06 15 86 53 82'),
(35300, 'SCA64CHS7BM', 'Billet journee', 'Dillon', 'Maite', 'quisque.ornare@vitaesemperegestas.org', '04 93 24 56 86'),
(35301, 'HEW27ODN3GZ', 'Billet journee', 'Aguilar', 'Carson', 'et.magnis.dis@aliquetodio.ca', '04 45 51 74 01'),
(35302, 'KDR79IQU8SE', 'Premium', 'Sparks', 'Irma', 'accumsan.interdum@tellus.net', '03 75 82 28 31'),
(35303, 'FDA20GDG4UL', 'Billet journee', 'Sargent', 'Kibo', 'dictum@interdumcurabitur.net', '01 94 43 38 07'),
(35304, 'NTC41RCP8BO', 'Billet journee', 'Blackwell', 'Idola', 'magnis.dis@nequenullam.org', '07 54 95 60 62'),
(35305, 'DPX27LVM1JG', 'Billet journee', 'Durham', 'Sopoline', 'aliquet.odio@eueleifend.co.uk', '04 62 02 16 18'),
(35306, 'ZIJ09YAU8EY', 'Billet journee', 'Banks', 'Lars', 'sit.amet@orcisemeget.ca', '03 66 37 91 39'),
(35307, 'SIS78QNT7AV', 'Pass plusieurs jours', 'Harding', 'Sophia', 'duis@nunc.ca', '04 34 36 46 07'),
(35308, 'KRA45XPV6VL', 'Pass plusieurs jours', 'Houston', 'Armando', 'blandit.at.nisi@nonloremvitae.com', '06 27 58 78 54'),
(35309, 'OEB62JVO2KK', 'Pass plusieurs jours', 'Booth', 'Martena', 'cursus@tempus.co.uk', '04 85 78 46 84'),
(35310, 'SOV27SQT8YH', 'Pass plusieurs jours', 'Page', 'Hayden', 'tortor.dictum.eu@ipsumac.org', '02 45 56 10 71'),
(35311, 'KIA04TOI6PQ', 'Billet journee', 'Marshall', 'Norman', 'lorem@phasellusat.co.uk', '07 87 28 22 47'),
(35312, 'QWW73IBQ1IH', 'Pass plusieurs jours', 'Mcgee', 'Cheyenne', 'justo.proin.non@interdumcurabitur.net', '02 78 76 43 42'),
(35313, 'WDK13LXI7GG', 'Billet journee', 'Hendrix', 'Felicia', 'mauris.molestie@lobortis.com', '06 15 53 80 50'),
(35314, 'NNA80REH8ES', 'Billet journee', 'Noble', 'Petra', 'suspendisse@cursusaenim.ca', '05 46 01 20 46'),
(35315, 'YWC18NNN1AG', 'Pass plusieurs jours', 'Wooten', 'Karen', 'tempor.lorem@quama.org', '03 53 45 84 11'),
(35316, 'RCI48MET0TR', 'Billet journee', 'Sharpe', 'Justina', 'tempor.bibendum@vitae.edu', '08 13 94 70 41'),
(35317, 'MWU77LLC0CC', 'Billet journee', 'Leblanc', 'Tate', 'scelerisque@eu.org', '05 52 06 84 25'),
(35318, 'ZRL74NLZ5KK', 'Premium', 'Romero', 'Yoshio', 'orci.phasellus@integeraliquamadipiscing.ca', '01 72 14 09 51'),
(35319, 'XUJ17BCO1FO', 'Billet journee', 'Potter', 'Stewart', 'risus.a@diamvel.com', '04 36 04 69 37'),
(35320, 'YFR87VSN2RX', 'Premium', 'Justice', 'Caldwell', 'eu.tellus@ornaresagittis.org', '01 47 94 74 72'),
(35321, 'QBU38KKR0VW', 'Pass plusieurs jours', 'Mullen', 'Martina', 'sem@pulvinararcu.net', '04 65 80 25 17'),
(35322, 'UKP71XIZ7WJ', 'Billet journee', 'Hale', 'Rina', 'vitae.risus@mauriseu.org', '04 31 26 73 34'),
(35323, 'OQY69EUC0FK', 'Pass plusieurs jours', 'Wilkerson', 'Moses', 'proin.vel@eu.co.uk', '03 40 24 68 91'),
(35324, 'JHL43RZY6UJ', 'Billet journee', 'Brennan', 'Upton', 'velit@ipsumdolor.com', '07 00 38 94 32'),
(35325, 'IRW15UIT1PV', 'Pass plusieurs jours', 'Ochoa', 'Tanya', 'eget.magna.suspendisse@maurisnon.com', '03 12 40 16 67'),
(35326, 'BFH24JSW6YW', 'Pass plusieurs jours', 'Reid', 'Imani', 'tempus.lorem@dapibusrutrum.org', '07 48 01 37 53'),
(35327, 'CDH74CUO8QW', 'Premium', 'Moss', 'Callum', 'dolor.dapibus@egestasnunc.edu', '05 57 83 17 12'),
(35328, 'WHQ51NGF1BU', 'Premium', 'Kent', 'Aurora', 'eu.eros.nam@magna.net', '08 85 32 56 33'),
(35329, 'YCW72AOQ1DL', 'Pass plusieurs jours', 'Graham', 'Scott', 'dolor.vitae@orci.edu', '02 37 03 68 52'),
(35330, 'XUU32WGW6MW', 'Pass plusieurs jours', 'Dyer', 'Graham', 'mauris@donecestmauris.net', '07 43 54 83 20'),
(35331, 'HGS31DME8WW', 'Premium', 'Tyler', 'Jesse', 'suscipit.nonummy@lorem.net', '09 66 38 13 22'),
(35332, 'SVO92GOM5EP', 'Pass plusieurs jours', 'Steele', 'Vladimir', 'vestibulum.accumsan@nequevenenatis.org', '07 56 87 53 24'),
(35333, 'DAV61VPC1TH', 'Premium', 'Dennis', 'Tamara', 'primis@ametultriciessem.co.uk', '07 67 06 42 76'),
(35334, 'WUP31FWG8PV', 'Billet journee', 'Myers', 'Kareem', 'sed@sedsapiennunc.ca', '01 34 82 25 15'),
(35335, 'PIU21IXP4YB', 'Pass plusieurs jours', 'West', 'Neil', 'tincidunt@ut.org', '06 37 65 10 12'),
(35336, 'BDW09XHI5MY', 'Pass plusieurs jours', 'Noble', 'Dacey', 'proin.vel.nisl@musproin.com', '08 58 96 81 57'),
(35337, 'YHX58DRJ3XF', 'Premium', 'Mendez', 'Sage', 'adipiscing.elit@aliquetnec.org', '04 56 01 05 44'),
(35338, 'ONK27TLW5DU', 'Premium', 'Knapp', 'Breanna', 'nec.tempus@curabitursed.com', '05 30 53 89 77'),
(35339, 'QPW16JST2MH', 'Pass plusieurs jours', 'Mcpherson', 'Ray', 'mauris@malesuadafames.co.uk', '06 51 42 46 95'),
(35340, 'ERX06WUP3OY', 'Pass plusieurs jours', 'Mullins', 'Judah', 'fusce.dolor@elitaliquam.co.uk', '09 83 15 12 56'),
(35341, 'USZ65RDE1VJ', 'Billet journee', 'Sharp', 'Kessie', 'semper.erat@magnalorem.ca', '04 15 37 25 46'),
(35342, 'KEQ39SVO0HN', 'Premium', 'Macdonald', 'Lila', 'scelerisque.sed@penatibusetmagnis.co.uk', '04 47 24 06 14'),
(35343, 'VPT72NPG5WN', 'Billet journee', 'Ramos', 'Abra', 'eget.dictum.placerat@ipsumdonec.net', '06 97 21 38 27'),
(35344, 'DWA73QDS7QW', 'Pass plusieurs jours', 'Hyde', 'Blake', 'diam.pellentesque.habitant@ornare.edu', '03 97 43 53 62'),
(35345, 'WTS06QXX8EI', 'Premium', 'Rowe', 'Michelle', 'ipsum.donec@nunclectuspede.edu', '06 71 30 01 43'),
(35346, 'APQ35HSD3KN', 'Pass plusieurs jours', 'Robertson', 'Serena', 'lobortis.nisi@sociisnatoque.co.uk', '06 46 69 47 07'),
(35347, 'UOS52PMZ0VG', 'Billet journee', 'Delgado', 'Stephen', 'ac@malesuadafames.net', '08 36 51 26 71'),
(35348, 'RDT11UDN9GL', 'Pass plusieurs jours', 'Flowers', 'Pandora', 'risus@ligulaaliquam.edu', '03 94 44 42 85'),
(35349, 'SKW35OTX8NJ', 'Billet journee', 'Jimenez', 'Hall', 'elementum.dui@donec.co.uk', '08 05 52 42 84'),
(35350, 'JEW75WPR8CM', 'Billet journee', 'Mason', 'Rooney', 'convallis@quisque.edu', '03 78 45 82 54'),
(35351, 'NHR87DWQ5OK', 'Billet journee', 'Kane', 'Ivy', 'interdum.feugiat@arcu.ca', '03 08 71 56 26'),
(35352, 'AAF30RJO4VR', 'Billet journee', 'Martinez', 'Rhonda', 'diam@massa.co.uk', '04 74 88 33 46'),
(35353, 'WNU55RBX3SJ', 'Pass plusieurs jours', 'Bishop', 'Reese', 'fringilla.porttitor@urnanullam.co.uk', '07 23 84 43 90'),
(35354, 'XJM32SNH6BB', 'Billet journee', 'Abbott', 'Norman', 'ridiculus@nullamnisl.com', '06 73 71 32 66'),
(35355, 'UJP49FIA8TY', 'Pass plusieurs jours', 'Horton', 'Sylvia', 'mauris.eu.elit@parturient.com', '04 81 22 57 94'),
(35356, 'REO42PXU4FE', 'Pass plusieurs jours', 'Malone', 'Hamish', 'amet.risus@proin.ca', '03 51 22 48 27'),
(35357, 'TKV27VSO8PC', 'Billet journee', 'Estes', 'Simon', 'arcu.nunc@odiosagittissemper.org', '06 55 78 32 53'),
(35358, 'VSE62PMW5IK', 'Billet journee', 'Ruiz', 'Joan', 'aenean.gravida@quisaccumsan.edu', '03 61 50 86 97'),
(35359, 'ODS45EJQ0UW', 'Pass plusieurs jours', 'Williams', 'Maile', 'dapibus.id.blandit@loremvehicula.org', '06 30 68 63 84'),
(35360, 'WAG71SRM2IR', 'Pass plusieurs jours', 'Hogan', 'Ayanna', 'felis@velitcras.net', '08 45 41 21 41'),
(35361, 'USN38WHY2SJ', 'Pass plusieurs jours', 'Blake', 'Zachary', 'ornare.egestas.ligula@faucibusidlibero.org', '05 73 26 55 74'),
(35362, 'NQC87QCZ1EE', 'Billet journee', 'Mason', 'Malcolm', 'cras.vulputate.velit@nuncullamcorper.org', '08 21 13 17 73'),
(35363, 'HHW50YJZ1PE', 'Premium', 'Gilliam', 'Althea', 'mauris@phaselluslibero.ca', '03 64 12 44 62'),
(35364, 'ILC22LXJ4IM', 'Premium', 'Frederick', 'Brianna', 'vulputate.dui.nec@auctor.co.uk', '08 54 15 24 54'),
(35365, 'BHG21LFV4DT', 'Pass plusieurs jours', 'Maxwell', 'Kiara', 'dictum@pede.org', '03 33 55 61 07'),
(35366, 'FJF06YDP4DA', 'Premium', 'Dominguez', 'Howard', 'metus.vivamus@sedduifusce.ca', '07 48 41 44 57'),
(35367, 'TGY39VHK8QI', 'Premium', 'Valencia', 'Harriet', 'eu.elit@odioetiamligula.ca', '03 18 81 78 21'),
(35368, 'JDW37GRT5GW', 'Pass plusieurs jours', 'Newman', 'Caesar', 'ornare.placerat.orci@nullasemper.org', '01 29 37 04 24'),
(35369, 'WKJ75IDC2NS', 'Billet journee', 'Nixon', 'Uma', 'orci.ut@nuncpulvinar.com', '06 63 18 48 79'),
(35370, 'MTU37QLY7FN', 'Premium', 'Rojas', 'Aimee', 'euismod@suspendissedui.ca', '04 38 73 28 54'),
(35371, 'FUH82IDE5KX', 'Premium', 'Calhoun', 'Amal', 'imperdiet.ornare@praesenteu.com', '03 10 91 88 33'),
(35372, 'YYR57DTD8VV', 'Pass plusieurs jours', 'Collier', 'Tamekah', 'aliquet.phasellus@fuscealiquet.com', '02 35 27 48 18'),
(35373, 'BOC71EVC9BB', 'Premium', 'Justice', 'Emery', 'ac.metus@magnased.edu', '01 67 51 55 52'),
(35374, 'BWH53ICC7RN', 'Billet journee', 'Raymond', 'Cassandra', 'gravida.non.sollicitudin@morbiaccumsan.edu', '02 81 98 43 92'),
(35375, 'PPV56BSV8MW', 'Pass plusieurs jours', 'Hunter', 'Celeste', 'fusce.fermentum@enimnec.ca', '08 23 43 36 68'),
(35376, 'IEX33XQY0BE', 'Premium', 'Woodard', 'Fuller', 'risus.odio@orcilacusvestibulum.edu', '02 12 61 71 83'),
(35377, 'PEF83XPW5RU', 'Premium', 'Page', 'Rhonda', 'purus.gravida@aliquameratvolutpat.co.uk', '03 59 68 85 08'),
(35378, 'KJF46PCF3QE', 'Premium', 'Hawkins', 'Otto', 'pulvinar@idsapien.edu', '08 12 26 19 45'),
(35379, 'PMG55HYE7JV', 'Billet journee', 'Cox', 'Dustin', 'a.aliquet@lectus.edu', '07 57 38 82 59'),
(35380, 'KRF98WWS6YZ', 'Billet journee', 'Holden', 'Jacob', 'elit.dictum@enimnon.edu', '03 04 83 66 66'),
(35381, 'JUB55DZH4ZV', 'Premium', 'Chapman', 'Wylie', 'ut.sagittis.lobortis@massamauris.net', '02 72 38 51 45'),
(35382, 'RWU36JQR4JD', 'Billet journee', 'Stephenson', 'Alvin', 'condimentum.donec@maurisnulla.edu', '04 12 94 58 73'),
(35383, 'HNE57LMU9QO', 'Pass plusieurs jours', 'Holt', 'Ulla', 'mi.fringilla.mi@congueaaliquet.net', '05 85 24 68 72'),
(35384, 'ROX16SUM2BI', 'Billet journee', 'Crane', 'Donovan', 'facilisis.facilisis@rhoncusid.ca', '06 77 86 41 28'),
(35385, 'DAL35WYD9YW', 'Premium', 'Bentley', 'Erica', 'convallis.dolor@posuerecubilia.org', '09 87 14 82 65'),
(35386, 'COE19KBU3CQ', 'Premium', 'Acevedo', 'Perry', 'lacinia.sed@felisadipiscing.net', '03 17 82 70 74'),
(35387, 'FBQ16HJL8GX', 'Premium', 'Mccarty', 'Candice', 'pharetra.sed@proinmi.net', '02 16 57 17 97'),
(35388, 'VSM10HEN0GW', 'Billet journee', 'Henderson', 'Tate', 'blandit.nam@nullatincidunt.ca', '02 28 86 12 57'),
(35389, 'KNR88BCC8MW', 'Premium', 'Cummings', 'Ronan', 'elit.dictum@donecat.co.uk', '07 37 58 03 87'),
(35390, 'BVO73CVS4TO', 'Billet journee', 'Montoya', 'Clare', 'commodo.ipsum@euturpisnulla.com', '04 87 31 26 23'),
(35391, 'MTS74IKP9OQ', 'Billet journee', 'Contreras', 'Hadassah', 'tincidunt@vitae.org', '07 11 67 99 64'),
(35392, 'KTF83WCD7HV', 'Premium', 'Pearson', 'Bertha', 'proin.non@gravidapraesent.com', '05 42 32 34 75'),
(35393, 'FJA33FKS9WV', 'Premium', 'Hartman', 'Tarik', 'ac.mattis@lobortisaugue.org', '03 76 75 63 63'),
(35394, 'MNO54LAC1VL', 'Premium', 'Workman', 'Teegan', 'ridiculus.mus@semper.net', '03 07 38 31 08'),
(35395, 'YHQ29TDB7PY', 'Pass plusieurs jours', 'Arnold', 'Malcolm', 'quis@ametante.org', '05 42 86 32 35'),
(35396, 'QLC71ZCR6NI', 'Premium', 'Stout', 'Jerry', 'cubilia@magnased.com', '06 28 14 02 25'),
(35397, 'VKZ62OEW7ED', 'Billet journee', 'Weiss', 'Ebony', 'ut.lacus@acfacilisis.org', '07 67 57 36 22'),
(35398, 'KFI50BGE4RR', 'Premium', 'Shannon', 'Addison', 'sed.est@molestie.edu', '09 41 22 84 17'),
(35399, 'JKJ37KCO2YZ', 'Premium', 'Hewitt', 'Jolie', 'mi.tempor@blanditnam.co.uk', '05 84 11 64 01'),
(35400, 'TOD41TDQ1BC', 'Billet journee', 'Sutton', 'Linus', 'enim@facilisis.com', '03 50 32 36 45'),
(35401, 'UKR71WSG1TS', 'Premium', 'Cleveland', 'Cairo', 'enim.sit.amet@metusvitaevelit.org', '04 58 85 71 12'),
(35402, 'NLC49XBR2KO', 'Premium', 'Howe', 'Hector', 'aliquet.libero@diam.co.uk', '09 77 82 23 50'),
(35403, 'LKR17MPX2SS', 'Pass plusieurs jours', 'Bray', 'Clarke', 'quam.a@mauris.co.uk', '03 66 24 45 51'),
(35404, 'PNI78CHU2AO', 'Pass plusieurs jours', 'Cain', 'Jakeem', 'nunc@nislquisque.com', '02 35 74 61 78'),
(35405, 'EUO71DPL2NS', 'Billet journee', 'Ware', 'Nelle', 'quisque@mitemporlorem.com', '09 24 23 38 83'),
(35406, 'COL75MIR4AE', 'Premium', 'Quinn', 'Desiree', 'erat.vitae@viverramaecenas.com', '04 43 53 52 47'),
(35407, 'ZCI85OII3YP', 'Pass plusieurs jours', 'Powell', 'Travis', 'nisl.nulla@vitaeodio.com', '03 17 30 05 75'),
(35408, 'HPN99XPW2MU', 'Premium', 'Travis', 'Medge', 'nisl@sitametdapibus.com', '09 50 38 64 58'),
(35409, 'ZAW42VYS3VV', 'Premium', 'Acosta', 'Dale', 'sed@duicum.com', '07 68 74 18 10'),
(35410, 'DXI29KQU9BP', 'Billet journee', 'Burgess', 'Cheyenne', 'phasellus@dapibusrutrum.net', '01 68 46 74 36'),
(35411, 'OEH78XPO7UX', 'Pass plusieurs jours', 'Day', 'Channing', 'nam.ligula.elit@auctornuncnulla.net', '05 45 97 47 62'),
(35412, 'INE40PDT5HP', 'Premium', 'Maxwell', 'Ima', 'vestibulum.accumsan.neque@suspendissesagittis.edu', '04 47 84 25 28'),
(35413, 'RYN62YFK1VY', 'Billet journee', 'Porter', 'Simon', 'dolor.dolor@adipiscingelitaliquam.com', '03 12 36 31 58'),
(35414, 'ZYL67JEQ0UH', 'Premium', 'Herring', 'Judah', 'id.ante@malesuadafringilla.com', '05 81 11 62 16'),
(35415, 'LCP50UUL1CF', 'Billet journee', 'Mccall', 'Ulysses', 'tortor@vel.com', '05 86 65 56 63'),
(35416, 'CIF11HWO8LH', 'Pass plusieurs jours', 'Gomez', 'Abraham', 'blandit.mattis@justoeu.com', '02 35 98 45 36'),
(35417, 'UKD48VUP6WV', 'Premium', 'Battle', 'Meredith', 'ultrices.a.auctor@magnisdis.com', '05 21 13 58 61'),
(35418, 'ERX97TKK3MZ', 'Billet journee', 'Sharpe', 'Uriel', 'integer@inscelerisque.ca', '09 58 79 29 94'),
(35419, 'ZBX70ELO5SL', 'Premium', 'Peters', 'Jade', 'arcu.vestibulum@auctor.net', '09 37 74 65 82'),
(35420, 'PVX80AOE8NF', 'Premium', 'Mcdaniel', 'Edward', 'nibh@mitemporlorem.ca', '01 72 86 65 21'),
(35421, 'CVH73RJS2NN', 'Billet journee', 'Mcguire', 'Martha', 'nec.metus.facilisis@necorci.org', '09 14 29 04 35'),
(35422, 'MJB30IDQ5BY', 'Pass plusieurs jours', 'Goff', 'George', 'a.neque@donec.edu', '01 84 22 25 03'),
(35423, 'MHS83MVK8ZD', 'Premium', 'Tanner', 'Margaret', 'et@donecnibh.edu', '06 81 36 10 07'),
(35424, 'RPF76PZE8XD', 'Billet journee', 'Fisher', 'Rowan', 'mi.ac.mattis@maurisblandit.net', '08 91 12 88 56'),
(35425, 'FJH40UPJ0YJ', 'Pass plusieurs jours', 'Boone', 'Salvador', 'enim@diam.ca', '08 41 73 80 19'),
(35426, 'TIK32YJK9BL', 'Premium', 'Battle', 'Olympia', 'faucibus@faucibus.edu', '08 39 57 38 17'),
(35427, 'FSY64TXN4AZ', 'Billet journee', 'Hansen', 'Serena', 'pede.nec@pharetranibh.net', '06 19 64 35 45'),
(35428, 'JJF93ZOT1QK', 'Billet journee', 'Patel', 'Adria', 'vestibulum@inmi.edu', '08 37 48 17 08'),
(35429, 'FLZ65DUT5YV', 'Premium', 'Conrad', 'Salvador', 'luctus.felis@ipsumacmi.co.uk', '03 41 68 36 34'),
(35430, 'BMO75DVB6YM', 'Pass plusieurs jours', 'Mclean', 'Brendan', 'ut.cursus@viverradonectempus.net', '06 93 91 50 22'),
(35431, 'TEL95XHV1BJ', 'Premium', 'Pennington', 'Joelle', 'dolor.fusce.mi@at.com', '06 39 71 64 97'),
(35432, 'SNK73XEJ9OF', 'Premium', 'Holden', 'Adena', 'velit.dui@mipede.co.uk', '03 66 93 09 74'),
(35433, 'RQD46HRU8BD', 'Pass plusieurs jours', 'Jimenez', 'Autumn', 'metus.eu@adipiscing.ca', '08 16 86 25 13'),
(35434, 'CKJ61DIJ4RK', 'Pass plusieurs jours', 'Bradshaw', 'Vladimir', 'ipsum.primis.in@eu.net', '05 40 88 44 80'),
(35435, 'EGL68PGF7HQ', 'Billet journee', 'Zimmerman', 'Edan', 'mus@nisisem.ca', '06 29 22 66 72'),
(35436, 'JBD65VOK1CJ', 'Billet journee', 'Stout', 'Plato', 'malesuada.vel@diamsed.co.uk', '04 20 12 59 50'),
(35437, 'PVU16APS6QX', 'Billet journee', 'Donovan', 'Jane', 'libero@dapibus.edu', '07 35 51 33 36'),
(35438, 'AKG97YNW1CP', 'Pass plusieurs jours', 'Riddle', 'Cain', 'tortor@mi.ca', '05 60 17 44 51'),
(35439, 'QSU06TNJ4FQ', 'Billet journee', 'Farmer', 'Brent', 'ornare.lectus@nam.com', '08 72 26 73 57'),
(35440, 'LZQ55MOA3WQ', 'Pass plusieurs jours', 'Nolan', 'Sylvia', 'sodales@proinnislsem.co.uk', '03 75 24 43 47'),
(35441, 'BAF29GKQ1BT', 'Premium', 'Long', 'Donna', 'magna.ut@aliquamvulputate.org', '02 72 95 55 87'),
(35442, 'RJV84IFX3WF', 'Pass plusieurs jours', 'Lowery', 'Teegan', 'eleifend.nunc.risus@acipsum.co.uk', '04 81 22 36 13'),
(35443, 'FYY78KHV1KB', 'Billet journee', 'Carr', 'Leo', 'sociis.natoque@arcumorbi.co.uk', '02 61 13 97 66'),
(35444, 'SAL14ROJ1WI', 'Billet journee', 'Ross', 'Gavin', 'interdum.enim@odionam.net', '04 81 05 61 36'),
(35445, 'JIK44YDN0QH', 'Pass plusieurs jours', 'Frye', 'Oprah', 'metus.in@sodales.edu', '08 39 48 25 66'),
(35446, 'HMW45YSU3CP', 'Billet journee', 'Lynn', 'Quynn', 'ac.fermentum@nequeet.net', '08 87 86 53 04'),
(35447, 'QHV79DXZ2DQ', 'Pass plusieurs jours', 'Dawson', 'Julian', 'vivamus@ornare.com', '09 60 77 37 12'),
(35448, 'VNF24LGT7HF', 'Billet journee', 'Potts', 'Leroy', 'ac.sem@temporerat.co.uk', '03 63 26 42 83'),
(35449, 'BLJ50RRQ1MG', 'Billet journee', 'Lloyd', 'Rebecca', 'montes.nascetur@fringilla.ca', '04 37 58 17 36'),
(35450, 'HMQ65FNN5LN', 'Billet journee', 'Kirkland', 'Wing', 'donec.nibh@cumsociisnatoque.co.uk', '02 25 19 21 74'),
(35451, 'BQE43CLU0AA', 'Premium', 'Carlson', 'Claudia', 'lacus@sitametornare.co.uk', '04 26 82 22 98'),
(35452, 'BSR79OCG3SZ', 'Billet journee', 'Langley', 'Jonah', 'metus.vitae@consectetuereuismod.co.uk', '02 73 37 29 31'),
(35453, 'XDV93HMC7FP', 'Billet journee', 'Velazquez', 'Nomlanga', 'turpis.vitae.purus@eleifendcras.co.uk', '08 75 22 58 77'),
(35454, 'NWB95FDS4OY', 'Billet journee', 'Pollard', 'Sonya', 'accumsan.laoreet.ipsum@turpisnulla.co.uk', '06 82 18 83 27');
INSERT INTO `t_participant_parti` (`parti_id`, `parti_chainecar`, `parti_type_pass`, `parti_nom`, `parti_prenom`, `parti_mail`, `parti_tel`) VALUES
(35455, 'HCN54YKX6WL', 'Premium', 'Hamilton', 'Abraham', 'aliquam.erat@velitcras.co.uk', '07 51 31 85 83'),
(35456, 'LPH17DNN2EL', 'Billet journee', 'Watts', 'Acton', 'urna.nullam.lobortis@tinciduntdonecvitae.edu', '06 54 17 17 55'),
(35457, 'OGT50CJI7OC', 'Billet journee', 'Sutton', 'Chandler', 'cras.eu@vitaeerat.com', '05 74 84 83 38'),
(35458, 'WSK77JTE8WV', 'Premium', 'Carlson', 'Michelle', 'non.justo@quisquenonummy.org', '04 35 36 66 56'),
(35459, 'RJZ67FNQ0CF', 'Pass plusieurs jours', 'Todd', 'Karen', 'dolor.vitae@fermentumrisus.co.uk', '04 46 51 64 64'),
(35460, 'BYB21CAY3SH', 'Billet journee', 'Cruz', 'Deborah', 'ligula.nullam@magna.ca', '08 15 52 66 78'),
(35461, 'YZV25CMS5AT', 'Pass plusieurs jours', 'Tyson', 'Rebecca', 'varius.et@quisarcu.edu', '07 46 48 73 67'),
(35462, 'SDB16FXT6FJ', 'Premium', 'Patel', 'Maris', 'neque.nullam.nisl@ornaretortor.co.uk', '05 35 11 89 11'),
(35463, 'NRK65YIF6BW', 'Premium', 'Giles', 'Maile', 'sapien.molestie@diameu.com', '08 26 38 26 55'),
(35464, 'UAL59SRD5BM', 'Premium', 'Glass', 'Cedric', 'tortor@ultrices.edu', '04 61 47 98 45'),
(35465, 'OJI35RYS2IJ', 'Pass plusieurs jours', 'Charles', 'Anika', 'tristique.senectus@namligulaelit.ca', '02 03 75 38 73'),
(35466, 'JMK14ZRH3NN', 'Pass plusieurs jours', 'Powers', 'Garth', 'ultricies.ligula@semelit.edu', '03 02 54 97 28'),
(35467, 'QGI22JCK5QQ', 'Billet journee', 'Sexton', 'Sybil', 'neque.sed@acorciut.ca', '09 72 78 55 67'),
(35468, 'IIZ93KHQ2ON', 'Premium', 'Cantu', 'Kaseem', 'sed@morbinon.edu', '04 11 45 04 42'),
(35469, 'NBT34VWK3DQ', 'Billet journee', 'Mitchell', 'Jacob', 'neque@nequevenenatis.ca', '01 77 42 50 10'),
(35470, 'DUT76MTT5VR', 'Billet journee', 'Huff', 'Mikayla', 'vehicula.risus.nulla@egestasblandit.edu', '02 52 58 70 51'),
(35471, 'MSB70LKH8YC', 'Billet journee', 'Chan', 'Mary', 'nam@diam.edu', '06 06 82 14 22'),
(35472, 'RLP81QNM7MJ', 'Premium', 'Beasley', 'Tucker', 'porta.elit@integerid.net', '07 33 15 75 36'),
(35473, 'OSN69XHC2EN', 'Pass plusieurs jours', 'Gill', 'Desiree', 'velit.sed@nibh.com', '01 68 76 10 25'),
(35474, 'ZGE55VRA3UH', 'Billet journee', 'Johns', 'Frances', 'rutrum@quisqueliberolacus.org', '05 28 35 11 15'),
(35475, 'GSR43GPG2GE', 'Pass plusieurs jours', 'Myers', 'Nathan', 'neque.nullam@mitempor.org', '07 21 64 23 11'),
(35476, 'VSG22JVL6MI', 'Pass plusieurs jours', 'Montoya', 'Steven', 'dui@orcisem.org', '08 94 61 74 62'),
(35477, 'OPT88WGU4WG', 'Billet journee', 'Langley', 'Curran', 'semper.tellus.id@sed.net', '08 57 45 41 61'),
(35478, 'SUQ25TNP6OV', 'Premium', 'Benson', 'Ryder', 'urna.suscipit@quisque.com', '05 55 56 40 16'),
(35479, 'BVF36TGC4VS', 'Pass plusieurs jours', 'Richard', 'Oscar', 'sociis@tinciduntneque.ca', '01 85 62 90 37'),
(35480, 'NTJ83AKL4SV', 'Billet journee', 'Salazar', 'Leslie', 'adipiscing.enim@cursus.org', '01 98 87 56 64'),
(35481, 'GOY55SUM8EW', 'Pass plusieurs jours', 'Terrell', 'Gary', 'sodales.elit.erat@duisvolutpatnunc.net', '02 29 52 35 16'),
(35482, 'IEN75XUQ3PO', 'Premium', 'Church', 'Sean', 'ipsum.suspendisse@ut.net', '06 34 37 65 97'),
(35483, 'VEV61MRM7YK', 'Billet journee', 'Shannon', 'Gavin', 'primis@lectusquismassa.net', '03 15 54 20 16'),
(35484, 'OTQ57IJI6JQ', 'Billet journee', 'Solomon', 'Wilma', 'consequat@eulacus.co.uk', '01 28 45 84 03'),
(35485, 'QTJ43OOV2ZF', 'Pass plusieurs jours', 'Merritt', 'Dawn', 'morbi@convallis.edu', '05 37 09 74 98'),
(35486, 'KLP05ALU8NQ', 'Premium', 'Sosa', 'Thomas', 'sed.facilisis@luctusetultrices.com', '04 54 46 05 45'),
(35487, 'NOX19WSE7OV', 'Pass plusieurs jours', 'Craig', 'Anthony', 'pellentesque.massa@acmi.com', '02 14 07 76 71'),
(35488, 'HOB66QPA1YP', 'Premium', 'Manning', 'Shaeleigh', 'imperdiet.ullamcorper@duisuspendisse.com', '05 41 92 53 81'),
(35489, 'MZL62RUL0UT', 'Pass plusieurs jours', 'Espinoza', 'Guy', 'lacinia.orci@elementumdui.com', '04 56 82 46 68'),
(35490, 'PEM81NRW5GX', 'Pass plusieurs jours', 'Wagner', 'Darius', 'dignissim.magna@diampellentesque.edu', '03 18 71 27 70'),
(35491, 'XCG70RRX2DC', 'Billet journee', 'Galloway', 'Maya', 'felis.nulla@placerataugue.org', '01 27 97 99 51'),
(35492, 'YLL77KQW4RL', 'Billet journee', 'Holmes', 'Axel', 'auctor.velit@diamproindolor.ca', '07 14 91 72 32'),
(35493, 'PKH31PJL2PW', 'Billet journee', 'Nielsen', 'Tatyana', 'nec.urna@consectetuer.co.uk', '02 14 59 78 81'),
(35494, 'KNP60ROE4IJ', 'Premium', 'Sexton', 'Reed', 'gravida.non@duis.net', '08 95 77 81 36'),
(35495, 'JKO23DUL9IM', 'Premium', 'Meyers', 'Holmes', 'ut@elitetiam.edu', '01 64 45 08 67'),
(35496, 'NUJ68CGG6TC', 'Premium', 'Eaton', 'Len', 'interdum@sit.org', '02 15 58 18 50'),
(35497, 'OJD61MET1MR', 'Pass plusieurs jours', 'Wooten', 'Clayton', 'faucibus.orci.luctus@sitametfaucibus.ca', '06 28 87 60 42'),
(35498, 'QIV37WSV5VL', 'Premium', 'Mcintosh', 'Simon', 'eget.lacus@vestibulumnec.org', '03 03 46 95 97'),
(35499, 'NWB86WJC0DV', 'Pass plusieurs jours', 'Moreno', 'Zena', 'ante.ipsum.primis@adipiscingelit.co.uk', '09 50 81 28 62'),
(35500, 'MVE97CWJ1PR', 'Pass plusieurs jours', 'Love', 'Hashim', 'convallis.dolor@dolorsit.ca', '04 78 44 52 64'),
(35501, 'MJK12HCP3DN', 'Premium', 'Wilder', 'Odessa', 'ultricies.sem@semperauctormauris.net', '05 23 58 12 37'),
(35502, 'JSC56NIR8YS', 'Premium', 'Ingram', 'Fatima', 'nibh.enim@arcu.net', '06 46 26 55 43'),
(35503, 'GYP30JMU4BK', 'Premium', 'Medina', 'Guinevere', 'non.bibendum.sed@posuerevulputatelacus.ca', '09 19 28 48 70'),
(35504, 'AGY48TGA8FD', 'Pass plusieurs jours', 'Merritt', 'Mia', 'ac.orci.ut@lacinia.org', '02 36 63 34 42'),
(35505, 'DPM26OXE5UZ', 'Billet journee', 'Medina', 'Medge', 'cras.eu@nuncinterdumfeugiat.ca', '03 38 52 52 44'),
(35506, 'MIY04IVP2YF', 'Premium', 'Lester', 'Faith', 'placerat.cras@risusnuncac.org', '04 61 13 56 56'),
(35507, 'SGJ73KRT7PE', 'Premium', 'Douglas', 'Winifred', 'et.ultrices@dolornullasemper.com', '03 68 54 08 55'),
(35508, 'ANS70MVV9GU', 'Pass plusieurs jours', 'Richmond', 'Imogene', 'dui.cum@molestiesodales.ca', '02 86 35 14 21'),
(35509, 'MOQ26WTJ1XY', 'Premium', 'Finley', 'Harlan', 'nec@malesuadafamesac.edu', '07 25 36 87 35'),
(35510, 'RRP87NEU1YR', 'Premium', 'Anthony', 'Hadassah', 'vulputate.nisi.sem@liberodui.edu', '02 48 03 66 82'),
(35511, 'UGY66QVM4IS', 'Pass plusieurs jours', 'Henson', 'Anastasia', 'amet.risus.donec@augueac.co.uk', '08 29 28 10 54'),
(35512, 'FAO54QOG4TS', 'Premium', 'Hall', 'Leila', 'nulla@lorem.edu', '08 53 35 63 27'),
(35513, 'DGU25LPL3TA', 'Premium', 'Madden', 'Leroy', 'ante.vivamus.non@eget.co.uk', '08 87 75 73 05'),
(35514, 'KZX79MRV6GY', 'Billet journee', 'Dale', 'Hillary', 'massa.quisque@crasdictumultricies.org', '01 47 97 16 60'),
(35515, 'JXD64MIR8RK', 'Pass plusieurs jours', 'Taylor', 'Garth', 'elit.etiam@anteipsum.ca', '09 91 77 20 07'),
(35516, 'BWB28VNH1NP', 'Billet journee', 'Joseph', 'Burton', 'maecenas.malesuada@dolorfuscemi.edu', '05 77 44 08 58'),
(35517, 'CWY16FAO7GH', 'Premium', 'Kelly', 'Rahim', 'vitae.semper.egestas@dolorvitaedolor.org', '08 83 82 25 13'),
(35518, 'NQA68EYH8DV', 'Premium', 'Knapp', 'Thaddeus', 'a.aliquet.vel@eunulla.co.uk', '08 25 05 22 63'),
(35519, 'LGH80COI2VH', 'Billet journee', 'Shannon', 'Megan', 'orci@consectetueradipiscingelit.org', '04 65 02 01 12'),
(35520, 'KOL86SRI3OJ', 'Pass plusieurs jours', 'Wiggins', 'Raymond', 'class.aptent@dictum.org', '08 54 45 45 17'),
(35521, 'TPI48KRA7HX', 'Premium', 'Mcdowell', 'Lynn', 'faucibus.orci@perinceptos.org', '08 66 76 68 53'),
(35522, 'TGM23HYJ3QR', 'Premium', 'Ortiz', 'Asher', 'quam.dignissim@cursusluctus.org', '07 27 78 71 37'),
(35523, 'YBY36VLM6SP', 'Pass plusieurs jours', 'Slater', 'Erica', 'tempor.erat@dolorsit.com', '06 72 41 74 52'),
(35524, 'BNE54CQU7RL', 'Premium', 'Rivers', 'Clare', 'parturient@uteros.org', '05 47 32 25 71'),
(35525, 'TJS42CPX8DC', 'Billet journee', 'Mayo', 'Jared', 'eu.eros@proinvelarcu.ca', '09 45 11 54 12'),
(35526, 'UMI52IOK3BU', 'Premium', 'Moran', 'Russell', 'suscipit.nonummy@tinciduntnuncac.org', '07 77 97 42 94'),
(35527, 'IIP66DKM3JM', 'Pass plusieurs jours', 'Slater', 'Marshall', 'cum.sociis@sempertellus.com', '04 10 28 12 36'),
(35528, 'TOF63LDS9RT', 'Pass plusieurs jours', 'Cotton', 'Sopoline', 'nisi@elementumlorem.com', '04 42 52 97 13'),
(35529, 'OKD52VXQ5KS', 'Premium', 'Mcdowell', 'Camille', 'nullam.vitae@purus.co.uk', '07 29 08 62 76'),
(35530, 'YOK20TKL6YY', 'Pass plusieurs jours', 'Mendez', 'Quynn', 'orci@etiamgravidamolestie.org', '08 43 76 88 05'),
(35531, 'SUS91LDC8PT', 'Premium', 'Williams', 'Wilma', 'molestie.in.tempus@magnanec.co.uk', '01 98 33 53 26'),
(35532, 'WJR54ROQ4EY', 'Billet journee', 'Small', 'Carlos', 'eu.placerat.eget@curabiturmassa.net', '06 54 32 75 43'),
(35533, 'NKM07XJB1OF', 'Billet journee', 'Warren', 'Bruno', 'cum@lobortistellusjusto.co.uk', '02 27 74 02 75'),
(35534, 'OKW43VNV4GD', 'Billet journee', 'Mcgowan', 'Rhea', 'montes.nascetur.ridiculus@accumsan.edu', '06 29 41 13 83'),
(35535, 'THK65HKQ5IF', 'Premium', 'Hyde', 'Burke', 'viverra@lobortisquis.net', '06 44 27 12 51'),
(35536, 'GLC14CPX2ET', 'Pass plusieurs jours', 'Rivera', 'Daquan', 'non.lacinia@pharetrafelis.edu', '05 56 08 67 26'),
(35537, 'HUR95GVD7BO', 'Billet journee', 'George', 'Howard', 'viverra.maecenas@porttitor.net', '01 64 93 02 63'),
(35538, 'NHL21KQR9FO', 'Pass plusieurs jours', 'Holman', 'Rina', 'donec.tincidunt@nullaanteiaculis.edu', '08 77 47 15 41'),
(35539, 'QSN43VPW0FG', 'Billet journee', 'Leon', 'Nyssa', 'mauris.id@scelerisquemollis.net', '05 90 30 39 97'),
(35540, 'ELV37YUW8QK', 'Pass plusieurs jours', 'Harmon', 'Demetria', 'magna.nec@tellusfaucibusleo.com', '02 18 07 18 76'),
(35541, 'LJA73KXS1VM', 'Billet journee', 'Johns', 'Mariam', 'purus@at.com', '05 03 91 48 17'),
(35542, 'YHI80LAY2SK', 'Billet journee', 'Strong', 'Jamal', 'arcu.vestibulum.ut@quispede.co.uk', '07 76 53 93 43'),
(35543, 'VAE82HNK4FG', 'Pass plusieurs jours', 'White', 'Quamar', 'mi@dictum.org', '05 62 51 62 85'),
(35544, 'XRO46HRY8UW', 'Pass plusieurs jours', 'Aguilar', 'Clarke', 'fringilla.mi@ategestas.net', '05 28 15 10 46'),
(35545, 'FWH75XKQ9OF', 'Pass plusieurs jours', 'Boyer', 'Rae', 'iaculis.lacus.pede@orcilacus.net', '05 31 45 42 38'),
(35546, 'OSV58BEO0BY', 'Pass plusieurs jours', 'Jacobson', 'Upton', 'suspendisse@facilisis.co.uk', '08 80 47 18 66'),
(35547, 'TPK47FOS5SI', 'Pass plusieurs jours', 'Morse', 'Keelie', 'odio.nam@aliquetmolestietellus.org', '05 89 15 15 68'),
(35548, 'XJH79FJZ9PA', 'Premium', 'Preston', 'Brynne', 'sem.ut@ataugue.co.uk', '03 78 80 73 45'),
(35549, 'DTC03XUT3GO', 'Pass plusieurs jours', 'Taylor', 'Hedy', 'cursus.a.enim@erat.org', '06 83 62 85 58'),
(35550, 'ODB65ADP5UJ', 'Billet journee', 'Thornton', 'Ray', 'enim.consequat.purus@fringillaeuismod.edu', '03 14 81 50 66'),
(35551, 'ULY15URJ3HD', 'Billet journee', 'Marks', 'Evan', 'augue.porttitor.interdum@cursusvestibulum.com', '02 44 83 72 61'),
(35552, 'FUW73PPL0GJ', 'Billet journee', 'Rice', 'Katelyn', 'sociis@nuncmauriselit.ca', '05 67 35 44 38'),
(35553, 'ZAQ22CSN1OT', 'Billet journee', 'Conway', 'Aaron', 'tellus.aenean@morbisitamet.net', '08 31 59 67 11'),
(35554, 'LVF47WVI6WL', 'Pass plusieurs jours', 'Foreman', 'Stewart', 'nam.porttitor@utquam.net', '07 13 15 46 05'),
(35555, 'SFD55MXN6LW', 'Billet journee', 'Mathews', 'Lani', 'fusce@nonenimmauris.ca', '05 10 04 64 55'),
(35556, 'EFL52ZPN8FG', 'Premium', 'Dodson', 'Cody', 'lacinia@id.co.uk', '09 87 47 31 06'),
(35557, 'WIE38IVI8KE', 'Premium', 'Middleton', 'Ramona', 'suspendisse.aliquet@idrisus.co.uk', '03 74 78 59 13'),
(35558, 'YKO00UDL3WC', 'Pass plusieurs jours', 'Simpson', 'Linda', 'orci.phasellus@nec.co.uk', '05 56 84 78 51'),
(35559, 'IDR01MBG0KC', 'Premium', 'Kaufman', 'Giselle', 'urna.justo.faucibus@erat.org', '06 22 58 04 68'),
(35560, 'PSY53KRI5WK', 'Billet journee', 'Johnson', 'Damon', 'donec.nibh@dignissimpharetra.net', '04 83 66 36 96'),
(35561, 'ZNL60NPB7AB', 'Pass plusieurs jours', 'Buckley', 'Chancellor', 'sem.mollis@sapienimperdietornare.ca', '09 17 36 52 32'),
(35562, 'LTY93WVI7GI', 'Premium', 'Hull', 'Carla', 'ante.vivamus@molestiepharetranibh.org', '04 59 53 21 52'),
(35563, 'SYI46MFX8VP', 'Pass plusieurs jours', 'Key', 'Barbara', 'sed@ultricesa.ca', '01 56 41 45 25'),
(35564, 'WFT33MDM7IW', 'Pass plusieurs jours', 'Mcclain', 'Hamilton', 'vivamus@duinec.com', '07 55 23 47 64'),
(35565, 'FOM70XKQ5ND', 'Pass plusieurs jours', 'Crawford', 'Kyle', 'porttitor@consectetueradipiscingelit.net', '06 26 36 48 84'),
(35566, 'OUN78JOO1XH', 'Pass plusieurs jours', 'Morse', 'Tana', 'at.sem@sitamet.org', '05 64 71 13 23'),
(35567, 'EUN71BNM1MS', 'Pass plusieurs jours', 'Britt', 'Shaeleigh', 'ante.nunc@tellusidnunc.edu', '05 08 82 23 27'),
(35568, 'UMS43GBB5FJ', 'Pass plusieurs jours', 'Burton', 'Charity', 'congue.in@orciquis.com', '07 55 13 19 86'),
(35569, 'FDN85HCB3OD', 'Billet journee', 'Bates', 'Dahlia', 'nunc.laoreet.lectus@magnisdis.org', '04 00 93 41 61'),
(35570, 'THH93LBW0ER', 'Premium', 'Frederick', 'Dahlia', 'non.dapibus.rutrum@risusatfringilla.ca', '04 44 39 16 86'),
(35571, 'SFO32HMR6UN', 'Billet journee', 'Page', 'Seth', 'ornare@fuscefeugiat.co.uk', '04 62 55 66 62'),
(35572, 'SEV37ZDQ3JP', 'Billet journee', 'Norman', 'Lillith', 'tellus.lorem.eu@necante.edu', '09 42 42 87 10'),
(35573, 'QBQ84OLO2NP', 'Billet journee', 'Pollard', 'Brent', 'convallis.ante@ornarelibero.org', '06 42 44 83 16'),
(35574, 'ICR38IRH3WB', 'Premium', 'Melton', 'Cally', 'ante.ipsum@malesuadafames.edu', '04 53 74 12 24'),
(35575, 'TFH21BBI3JI', 'Billet journee', 'Maynard', 'Stone', 'montes.nascetur@interdum.ca', '07 48 19 45 82'),
(35576, 'QJZ51YDU3PA', 'Premium', 'Payne', 'Kylynn', 'est.vitae@donecconsectetuermauris.ca', '03 19 16 33 03'),
(35577, 'EQG34JYI3IS', 'Pass plusieurs jours', 'Bailey', 'Nina', 'mauris@etrisus.ca', '09 20 08 06 74'),
(35578, 'UOI78XXH9IW', 'Pass plusieurs jours', 'Moses', 'Kelly', 'a.feugiat@ornare.edu', '04 57 02 58 83'),
(35579, 'KTD73KCG8NF', 'Pass plusieurs jours', 'Burton', 'Donna', 'eleifend@nullainteger.ca', '05 16 87 31 00'),
(35580, 'ZHL40QUX4GD', 'Billet journee', 'Patrick', 'Hasad', 'lacus.quisque@enimgravidasit.edu', '08 44 63 44 56'),
(35581, 'JHS35BOX8BA', 'Billet journee', 'Vincent', 'Kai', 'at.auctor@parturientmontes.co.uk', '05 87 12 38 42'),
(35582, 'OSA27YNI5JG', 'Premium', 'Walsh', 'Lilah', 'vitae.mauris@maurissapien.co.uk', '08 18 76 03 28'),
(35583, 'PGH43TYC8LL', 'Billet journee', 'Dennis', 'Karina', 'dictum.placerat.augue@convallisestvitae.co.uk', '09 09 76 35 81'),
(35584, 'ACM58IAZ2WV', 'Billet journee', 'Morrison', 'George', 'aenean.egestas@sedturpis.co.uk', '04 67 86 20 46'),
(35585, 'GXO82NFH1UB', 'Premium', 'Callahan', 'Jesse', 'non.sollicitudin@parturientmontes.net', '06 74 26 56 51'),
(35586, 'IHS02CXU4CX', 'Billet journee', 'Stanley', 'Hillary', 'arcu.et@nunc.net', '06 46 50 17 19'),
(35587, 'OVD43ATR7VK', 'Billet journee', 'Patterson', 'Duncan', 'libero.est.congue@pede.edu', '04 88 65 26 85'),
(35588, 'OGQ66DOS3LC', 'Billet journee', 'Perez', 'Yen', 'ac@enimnon.edu', '08 04 13 33 78'),
(35589, 'BGO46WZR4QG', 'Billet journee', 'Velasquez', 'Hashim', 'molestie.tellus@natoquepenatibus.org', '01 44 62 66 54'),
(35590, 'FQP92BFF8BE', 'Pass plusieurs jours', 'Harvey', 'Lamar', 'vulputate.posuere@enimmauris.com', '02 70 50 91 86'),
(35591, 'UQP57YYM1BJ', 'Billet journee', 'Alvarez', 'Evelyn', 'vulputate.risus@auguescelerisque.org', '03 61 47 52 76'),
(35592, 'FNJ16EYP8YR', 'Premium', 'Davidson', 'Mufutau', 'odio.aliquam@morbivehicula.edu', '01 73 54 40 37'),
(35593, 'FWZ51MEQ4TH', 'Pass plusieurs jours', 'Mayer', 'Xander', 'et@nuncacsem.co.uk', '05 87 13 63 13'),
(35594, 'JRM46BDL1SM', 'Billet journee', 'Dominguez', 'Curran', 'nibh.sit@tortorinteger.ca', '04 28 88 73 87'),
(35595, 'XPX84YMD4VR', 'Billet journee', 'O\'brien', 'Conan', 'cursus@lectus.net', '05 82 81 45 82'),
(35596, 'QPN93BHW4TV', 'Pass plusieurs jours', 'Gomez', 'Tucker', 'maecenas.malesuada@aduicras.edu', '03 96 98 24 62'),
(35597, 'EWS36RCY2HD', 'Billet journee', 'Ortiz', 'Gavin', 'ut@sitametconsectetuer.com', '03 87 87 31 28'),
(35598, 'BBY53IUA3YM', 'Billet journee', 'Pratt', 'Quinlan', 'venenatis.a.magna@nullamscelerisque.edu', '08 30 82 05 34'),
(35599, 'FXT74GQS6DS', 'Premium', 'Huff', 'Libby', 'eu@a.co.uk', '03 47 41 75 68'),
(35600, 'HLO87MDL3HS', 'Premium', 'Whitaker', 'Paula', 'venenatis.vel.faucibus@ut.ca', '06 55 40 06 71'),
(35601, 'OSP21RLN5XV', 'Billet journee', 'Butler', 'Michelle', 'mollis@nisi.co.uk', '08 14 74 11 88'),
(35602, 'BQK68NPH6NH', 'Billet journee', 'David', 'Lyle', 'dignissim@laoreetposuereenim.co.uk', '01 68 46 36 37'),
(35603, 'TFD72INF6TX', 'Pass plusieurs jours', 'Adkins', 'Curran', 'praesent@pedesuspendisse.com', '03 62 85 77 22'),
(35604, 'ZNP61MSX3NN', 'Billet journee', 'Donovan', 'Cole', 'lacus.varius@sedsem.net', '06 88 73 47 76'),
(35605, 'QWQ26KSI8GJ', 'Pass plusieurs jours', 'Strong', 'Morgan', 'proin@dictumproineget.edu', '01 95 76 55 84'),
(35606, 'DOH27MUY8GF', 'Pass plusieurs jours', 'Murphy', 'Nelle', 'euismod@dapibusquam.org', '02 55 14 21 65'),
(35607, 'JUF68MJS7JE', 'Pass plusieurs jours', 'Marks', 'Lareina', 'nonummy.ultricies@ornarelibero.net', '05 58 55 17 31'),
(35608, 'SCB97XSY8FE', 'Pass plusieurs jours', 'Gonzalez', 'Marny', 'ultrices@duisvolutpatnunc.co.uk', '09 38 13 32 14'),
(35609, 'PHJ21OZG1XF', 'Billet journee', 'Cabrera', 'Daniel', 'id.ante.nunc@elementumsem.edu', '06 40 04 62 10'),
(35610, 'KCG35WOO6IR', 'Premium', 'Goodwin', 'Alfonso', 'suscipit.est@id.ca', '04 64 41 67 24'),
(35611, 'QYV33VCN1OF', 'Premium', 'May', 'Scott', 'etiam@curabituregestas.org', '08 79 44 66 07'),
(35612, 'YLG26NLC7QH', 'Billet journee', 'Gutierrez', 'Anastasia', 'amet.nulla.donec@sempernam.org', '08 16 37 37 83'),
(35613, 'UNJ77HXO5IM', 'Billet journee', 'Lynch', 'Ayanna', 'quam.quis@in.org', '03 83 06 96 64'),
(35614, 'ZUI93VGL8GH', 'Premium', 'Cox', 'Ezekiel', 'quis.accumsan@vulputate.com', '05 48 83 71 61'),
(35615, 'OYE16XOI7WX', 'Premium', 'Henderson', 'Odysseus', 'malesuada.vel@massalobortis.co.uk', '08 67 09 31 46'),
(35616, 'JDE48SBR5YX', 'Billet journee', 'Yates', 'Luke', 'quisque@nonenim.net', '08 25 19 15 21'),
(35617, 'LHT20REZ5ZF', 'Pass plusieurs jours', 'Stafford', 'Gannon', 'quisque.porttitor@dictum.org', '08 16 77 86 64'),
(35618, 'LYK55TWY7VQ', 'Pass plusieurs jours', 'Hoffman', 'Lila', 'parturient.montes@sodalesat.com', '02 84 54 69 71'),
(35619, 'BDK96OLM8QE', 'Premium', 'Alston', 'Wyatt', 'duis.volutpat@orcidonecnibh.co.uk', '04 68 38 78 43'),
(35620, 'NDR60QKF8LO', 'Pass plusieurs jours', 'Bradley', 'Brody', 'laoreet.posuere@telluseuaugue.org', '01 36 79 68 55'),
(35621, 'KKN83TQF6ES', 'Premium', 'Pugh', 'Desiree', 'cursus.et@ut.org', '07 41 82 64 10'),
(35622, 'VSX42QMO5PY', 'Pass plusieurs jours', 'Chavez', 'Phillip', 'dui@ascelerisquesed.org', '02 82 06 95 21'),
(35623, 'XTF23JBB5YC', 'Pass plusieurs jours', 'Ward', 'Kimberley', 'dictum.augue@ullamcorper.ca', '01 47 72 72 37'),
(35624, 'KBN13DHG3IQ', 'Pass plusieurs jours', 'Goodman', 'Regina', 'vulputate.eu@pharetra.co.uk', '02 71 83 12 75'),
(35625, 'YJW89SPU0PB', 'Pass plusieurs jours', 'Blanchard', 'Erich', 'sagittis.augue.eu@mauris.net', '07 27 43 52 01'),
(35626, 'JTE28EBB4VH', 'Pass plusieurs jours', 'Vinson', 'Kiona', 'tincidunt.nunc@feugiatsednec.org', '06 87 19 16 78'),
(35627, 'UCW58HNO4GI', 'Pass plusieurs jours', 'Merrill', 'Finn', 'ut@aultriciesadipiscing.edu', '08 23 68 63 32'),
(35628, 'AVR54XYZ8WH', 'Pass plusieurs jours', 'Silva', 'Wylie', 'iaculis@crassed.net', '08 39 06 92 06'),
(35629, 'SBV55JYP3TT', 'Pass plusieurs jours', 'Parker', 'Mufutau', 'enim.nisl.elementum@tellusid.edu', '07 76 73 75 89'),
(35630, 'SWF11WKO3LX', 'Billet journee', 'Sanford', 'Oren', 'a@ametconsectetuer.ca', '05 44 26 50 65'),
(35631, 'OBB81YFF5LL', 'Premium', 'Sellers', 'Igor', 'eros.nam.consequat@ac.org', '08 13 42 90 97'),
(35632, 'PSQ32JMW5XZ', 'Pass plusieurs jours', 'Gilmore', 'Mason', 'felis@elit.org', '08 57 76 38 60'),
(35633, 'QLF23FVB5BL', 'Pass plusieurs jours', 'Morin', 'McKenzie', 'auctor.odio@enim.org', '05 55 53 76 86'),
(35634, 'WTV72LFW3YV', 'Billet journee', 'Monroe', 'Alika', 'et.rutrum.non@tellusimperdietnon.co.uk', '03 37 45 61 71'),
(35635, 'KRM38USC1EJ', 'Premium', 'Perez', 'Dustin', 'erat.in@morbineque.co.uk', '02 67 99 20 88'),
(35636, 'EHV73LOU6FM', 'Pass plusieurs jours', 'Rodriguez', 'Althea', 'sed.eget@mifelis.net', '02 11 56 77 64'),
(35637, 'SOO67LNW9JQ', 'Pass plusieurs jours', 'Harding', 'Wesley', 'nullam.nisl@ipsum.net', '08 88 81 86 50'),
(35638, 'DUG82QYR1UQ', 'Premium', 'English', 'Amena', 'congue.in@gravidamolestie.ca', '03 85 84 13 21'),
(35639, 'WDQ93KBI7JC', 'Premium', 'Barlow', 'Azalia', 'non@consectetuereuismod.com', '02 28 08 48 89'),
(35640, 'JTV39YGQ5RG', 'Billet journee', 'Ortiz', 'Rae', 'ut.ipsum@eratinconsectetuer.co.uk', '07 11 39 28 12'),
(35641, 'LNB15TIT8LX', 'Premium', 'Mercado', 'Whilemina', 'mattis.velit.justo@ullamcorper.edu', '01 47 35 46 78'),
(35642, 'SFU75XAK2KH', 'Pass plusieurs jours', 'Rutledge', 'Ivor', 'ipsum.suspendisse@non.org', '06 52 15 87 88'),
(35643, 'CMJ53YMK6XV', 'Billet journee', 'Russo', 'Wesley', 'non@justoeuarcu.com', '07 67 41 86 31'),
(35644, 'ZWT63FGC7CI', 'Premium', 'Turner', 'Ahmed', 'tellus.nunc.lectus@orciut.com', '02 44 73 46 77'),
(35645, 'UGT43PDE9TF', 'Pass plusieurs jours', 'Conley', 'Orla', 'quam@eutellus.ca', '06 85 87 46 34'),
(35646, 'MQM86LHZ9EJ', 'Pass plusieurs jours', 'Wynn', 'Conan', 'mauris.ut.quam@euerosnam.org', '08 12 88 39 27'),
(35647, 'WIC25KYY1HP', 'Premium', 'Rose', 'Lucy', 'a.aliquet@vivamuseuismod.com', '04 29 98 55 65'),
(35648, 'PHW88FPW2RY', 'Premium', 'Lowery', 'Kieran', 'non.feugiat@sednuncest.net', '08 72 25 27 39'),
(35649, 'CNA15MGA6IE', 'Pass plusieurs jours', 'Mckinney', 'Finn', 'placerat.velit@utsemper.ca', '04 67 39 13 96'),
(35650, 'PRD86VBD0CK', 'Pass plusieurs jours', 'Mayer', 'Irma', 'inceptos.hymenaeos@massasuspendisse.com', '09 43 43 61 88'),
(35651, 'IOX19LXM0JY', 'Pass plusieurs jours', 'Santana', 'Adrian', 'placerat.augue@gravidanon.co.uk', '02 65 88 62 45'),
(35652, 'SVO42SND2CD', 'Pass plusieurs jours', 'Mathews', 'Ferdinand', 'integer.eu@quisquefringillaeuismod.com', '03 42 35 06 87'),
(35653, 'QSR64DCE6CS', 'Premium', 'Knight', 'Slade', 'nisi@nec.com', '04 01 27 12 04'),
(35654, 'XQF23KBC4ET', 'Billet journee', 'Keith', 'Keane', 'augue.scelerisque@ullamcorpereu.org', '06 89 10 72 21'),
(35655, 'UYV56NPQ5MN', 'Billet journee', 'Callahan', 'Justine', 'sed.auctor.odio@consectetuereuismod.org', '03 55 01 88 10'),
(35656, 'EKT47OHJ1QZ', 'Pass plusieurs jours', 'Russell', 'Stuart', 'velit.aliquam@non.com', '02 36 27 94 25'),
(35657, 'XWN24LNQ8GR', 'Premium', 'Salinas', 'Scott', 'eu.augue@maecenas.co.uk', '05 26 93 68 38'),
(35658, 'SUD63ABG3OG', 'Billet journee', 'Cantu', 'Wallace', 'quam@metus.com', '08 53 69 86 68'),
(35659, 'VIX84BBK1LY', 'Pass plusieurs jours', 'Fleming', 'Hilel', 'phasellus.at@penatibuset.ca', '03 83 34 48 27'),
(35660, 'TOG36PFD7RY', 'Billet journee', 'Austin', 'Yoshio', 'lobortis@metus.org', '04 97 24 20 85'),
(35661, 'MHU64JNW5PO', 'Premium', 'Newman', 'Erich', 'egestas.nunc@tincidunt.ca', '04 36 20 38 78'),
(35662, 'VTO10BPY1ML', 'Premium', 'Wiley', 'Brianna', 'sed.consequat.auctor@consectetuermauris.co.uk', '02 86 43 66 38'),
(35663, 'WNF24FOH3OJ', 'Premium', 'Weber', 'Evelyn', 'adipiscing.elit@a.edu', '02 88 09 58 62'),
(35664, 'IJP12WKG8QM', 'Billet journee', 'Willis', 'Jackson', 'turpis.vitae@dolorvitae.net', '06 84 52 42 08'),
(35665, 'IQQ73NOE7NC', 'Billet journee', 'Jacobs', 'Joshua', 'quis.arcu.vel@convallis.edu', '07 43 11 76 18'),
(35666, 'XWI21DCX5QQ', 'Premium', 'Cole', 'Kadeem', 'maecenas.ornare@ligula.ca', '02 99 76 31 94'),
(35667, 'ETP66EXS3SG', 'Pass plusieurs jours', 'Brewer', 'Xantha', 'ac.libero@nonenim.com', '05 57 12 87 71'),
(35668, 'SQH59KEE5PD', 'Premium', 'Gilliam', 'Mikayla', 'odio.a@nuncquisque.org', '05 94 95 32 71'),
(35669, 'NSW04LQI4HG', 'Pass plusieurs jours', 'Huber', 'Armand', 'dui.fusce.aliquam@phasellusdapibusquam.com', '01 36 29 76 73'),
(35670, 'GVL42LIF1PK', 'Pass plusieurs jours', 'Long', 'Candace', 'morbi.vehicula.pellentesque@dolorsitamet.com', '04 14 36 75 26'),
(35671, 'GDM25MDO5XY', 'Pass plusieurs jours', 'Harvey', 'Jerome', 'et.magnis@est.co.uk', '03 57 65 72 30'),
(35672, 'ACO53XYB6OJ', 'Premium', 'Cortez', 'Alika', 'ut.sem@malesuadainteger.edu', '01 61 32 81 96'),
(35673, 'GUR16MSB7EP', 'Pass plusieurs jours', 'Haney', 'Anne', 'ullamcorper@ultricessit.com', '08 36 18 96 87'),
(35674, 'WSN58JEU0YJ', 'Billet journee', 'Poole', 'Paloma', 'vitae.diam@arcualiquam.co.uk', '08 75 16 51 94'),
(35675, 'VTG63KJC5FF', 'Premium', 'Estes', 'Dillon', 'fringilla.porttitor.vulputate@arcuvestibulumante.net', '06 58 67 50 71'),
(35676, 'XZC78GSY2DR', 'Premium', 'Hart', 'Paula', 'a@risusdonec.com', '03 62 30 75 17'),
(35677, 'GNQ29BIK5TR', 'Billet journee', 'Hamilton', 'Hillary', 'montes.nascetur.ridiculus@ac.com', '06 28 85 12 37'),
(35678, 'OOG75OOG1FN', 'Pass plusieurs jours', 'O\'neill', 'Amery', 'natoque.penatibus@semmolestie.com', '07 83 16 04 81'),
(35679, 'UNS28BCS3SX', 'Billet journee', 'Cox', 'Joel', 'est@tellusaenean.co.uk', '04 66 51 76 33'),
(35680, 'ECY35GKB9NM', 'Pass plusieurs jours', 'Meadows', 'Fiona', 'fringilla.porttitor@turpis.net', '07 56 58 96 74'),
(35681, 'HPH27LST4RS', 'Pass plusieurs jours', 'Daugherty', 'Laurel', 'nam.interdum@musproinvel.net', '04 72 60 81 95'),
(35682, 'XVB89ZNQ2LK', 'Premium', 'Wells', 'Oleg', 'cras.sed@dictum.com', '08 55 36 83 64'),
(35683, 'GDR40HME7IF', 'Billet journee', 'Hester', 'Aquila', 'turpis@diampellentesque.org', '03 62 30 70 48'),
(35684, 'SKG45LTJ4JD', 'Premium', 'Wong', 'Olivia', 'etiam.laoreet@integer.com', '09 66 61 45 15'),
(35685, 'VME55PGX7NT', 'Pass plusieurs jours', 'Cannon', 'Sade', 'nulla.eu@risus.edu', '05 17 32 13 50'),
(35686, 'MSJ83LZP9HC', 'Billet journee', 'Evans', 'Amos', 'in.molestie@ut.ca', '04 70 85 74 17'),
(35687, 'OLX53KNR2BX', 'Billet journee', 'Paul', 'Naomi', 'metus.in.lorem@luctusut.edu', '06 27 61 72 14'),
(35688, 'YQR13HKE5QX', 'Pass plusieurs jours', 'Turner', 'Stephen', 'molestie.in@tinciduntcongue.com', '03 16 32 66 49'),
(35689, 'YFF21OMX4PO', 'Premium', 'Yang', 'Renee', 'sem.magna.nec@nonnisi.co.uk', '01 54 13 05 50'),
(35690, 'SLV71HIW5SA', 'Billet journee', 'Burnett', 'Hilel', 'mauris@et.co.uk', '07 23 64 00 46'),
(35691, 'XAR17VUW8KT', 'Billet journee', 'Payne', 'Salvador', 'augue@ametdapibusid.co.uk', '04 46 32 58 35'),
(35692, 'LKE51LBG4BN', 'Premium', 'Head', 'Nash', 'aliquam@nonegestas.ca', '06 52 14 21 22'),
(35693, 'OPG53VON4OO', 'Premium', 'Hoffman', 'Eagan', 'etiam.vestibulum.massa@loremipsumdolor.org', '08 34 42 27 97'),
(35694, 'MKO16PXB5FX', 'Billet journee', 'Jacobson', 'Colton', 'mauris@blanditmattiscras.ca', '02 33 75 90 41'),
(35695, 'YKZ67XLP8QR', 'Pass plusieurs jours', 'Andrews', 'Quynn', 'vivamus@arcu.org', '04 77 68 13 52'),
(35696, 'BWS38BTM3IJ', 'Billet journee', 'Conley', 'Denise', 'lobortis.risus@elitdictum.org', '02 15 30 62 17'),
(35697, 'VOB45YLH6VC', 'Premium', 'Pitts', 'Cruz', 'lorem.ipsum@quamquis.edu', '04 17 96 73 14'),
(35698, 'CNI81WVW6HO', 'Pass plusieurs jours', 'Riddle', 'Lucian', 'aliquam.auctor@tristique.net', '04 70 39 71 82'),
(35699, 'FLX96WMK3GV', 'Pass plusieurs jours', 'Jarvis', 'Halee', 'eu.eleifend.nec@metus.ca', '09 64 27 67 20'),
(35700, 'TBC13FKH1PQ', 'Billet journee', 'Peterson', 'Charlotte', 'in.faucibus@natoquepenatibus.co.uk', '03 72 06 56 70'),
(35701, 'EKR01LOA6ID', 'Billet journee', 'Donovan', 'Keefe', 'tellus.phasellus.elit@malesuadafames.net', '06 52 18 58 73'),
(35702, 'YNI11YJQ5ZH', 'Billet journee', 'Buckner', 'Zenaida', 'convallis@ornareinfaucibus.edu', '01 44 75 39 16'),
(35703, 'PPF62PHG2NO', 'Premium', 'Buck', 'Fay', 'neque.morbi.quis@semper.com', '03 21 65 14 58'),
(35704, 'MDS68KFP9NA', 'Pass plusieurs jours', 'Buchanan', 'Aiko', 'at.fringilla@sodales.co.uk', '08 41 34 43 33'),
(35705, 'PXV37FWN2UT', 'Billet journee', 'Henderson', 'Cameron', 'nulla.eu@aclibero.edu', '08 14 10 43 55'),
(35706, 'VAF81SPL1BG', 'Billet journee', 'Mills', 'Scarlet', 'donec.tempor.est@inhendrerit.ca', '08 91 66 56 80'),
(35707, 'KFM27EQC3RX', 'Premium', 'Park', 'Kessie', 'ornare.fusce.mollis@nequemorbiquis.ca', '06 03 09 26 23'),
(35708, 'DVV12SHK6FK', 'Pass plusieurs jours', 'Floyd', 'Cadman', 'ornare.facilisis@tinciduntneque.co.uk', '07 82 87 78 34'),
(35709, 'YQY57UDL2LB', 'Billet journee', 'Maxwell', 'Pamela', 'sit.amet@leovivamus.org', '07 35 14 42 38'),
(35710, 'RLL52CMC4QY', 'Billet journee', 'Chavez', 'Dylan', 'adipiscing.lobortis@maecenasiaculisaliquet.com', '02 48 76 46 76'),
(35711, 'UWB42PXH8JI', 'Billet journee', 'Morton', 'Oprah', 'gravida.nunc@sodalespurus.co.uk', '02 21 05 51 75'),
(35712, 'IMZ22JXG9XQ', 'Premium', 'Livingston', 'Rooney', 'blandit.viverra@vel.co.uk', '01 94 67 88 41'),
(35713, 'QAV97RTP1QW', 'Billet journee', 'Ortiz', 'Dacey', 'donec.non@disparturient.edu', '07 61 86 08 31'),
(35714, 'TSO13LEY5RT', 'Pass plusieurs jours', 'Kirk', 'Inga', 'pretium@semmollisdui.ca', '01 18 83 17 48'),
(35715, 'EGE35AHP7VF', 'Billet journee', 'Torres', 'Shelley', 'id.sapien@etiamvestibulummassa.ca', '04 25 68 22 36'),
(35716, 'YKM48CRC6BY', 'Billet journee', 'Whitney', 'Chadwick', 'sapien.gravida@ettristique.co.uk', '09 14 66 16 20'),
(35717, 'CXH01ADD6LT', 'Premium', 'Hatfield', 'James', 'orci.luctus.et@aliquet.com', '03 13 25 22 26'),
(35718, 'SIV00KBL6LZ', 'Premium', 'Mayo', 'Urielle', 'libero.at.auctor@commodoipsum.ca', '05 81 72 16 88'),
(35719, 'HJZ35PJG6PH', 'Billet journee', 'Myers', 'Yoshio', 'donec.nibh.quisque@proinnon.net', '04 24 20 01 42'),
(35720, 'VSL76IQQ3HU', 'Pass plusieurs jours', 'Wall', 'Lester', 'enim.mauris.quis@tempor.org', '05 85 55 78 84'),
(35721, 'OVJ56CEN9EO', 'Pass plusieurs jours', 'Gregory', 'Nehru', 'augue.scelerisque@pharetrasedhendrerit.ca', '06 04 95 52 58'),
(35722, 'QXI35UGL4XM', 'Billet journee', 'O\'donnell', 'Maris', 'egestas.aliquam.fringilla@doloregestas.edu', '02 10 87 17 64'),
(35723, 'HQC03DIW1FN', 'Premium', 'Roman', 'Eagan', 'netus.et@egetmagnasuspendisse.co.uk', '04 17 13 00 26'),
(35724, 'ASD28RLT0UL', 'Billet journee', 'David', 'Daquan', 'urna@nislmaecenas.co.uk', '03 69 14 34 64'),
(35725, 'FLC11FMH8GF', 'Pass plusieurs jours', 'Tanner', 'Lareina', 'suspendisse.aliquet.sem@euenim.edu', '07 63 86 99 45'),
(35726, 'VWD33GFW7FK', 'Pass plusieurs jours', 'Wallace', 'Jacqueline', 'enim.mauris.quis@augueeu.ca', '04 55 84 89 44'),
(35727, 'GSK03XJW2SV', 'Billet journee', 'Cash', 'Yasir', 'justo.nec@egetipsumdonec.co.uk', '02 48 82 63 21'),
(35728, 'BDL86LPC7WO', 'Billet journee', 'Church', 'Echo', 'lorem.ipsum@liguladonec.org', '06 88 31 86 24'),
(35729, 'FOC29RNM7PD', 'Premium', 'Williams', 'Cassady', 'nunc.interdum@lacus.co.uk', '07 06 71 22 85'),
(35730, 'TFP91XWP2IG', 'Premium', 'Sutton', 'Christen', 'cras@imperdieteratnonummy.com', '06 31 74 86 68'),
(35731, 'OJO63ZCV6YM', 'Premium', 'Wood', 'Rashad', 'nec.orci.donec@duismienim.ca', '06 75 84 37 54'),
(35732, 'UMT68FQM0IZ', 'Pass plusieurs jours', 'Hardin', 'Nina', 'cursus.a@est.edu', '08 55 92 37 51'),
(35733, 'VFB12JNX5IX', 'Premium', 'Carroll', 'Davis', 'odio.sagittis.semper@miloremvehicula.com', '02 52 53 71 66'),
(35734, 'JNU75JOJ2GS', 'Pass plusieurs jours', 'Hickman', 'Simone', 'sed@parturientmontesnascetur.co.uk', '02 57 21 01 82'),
(35735, 'KHH07QTA4EU', 'Pass plusieurs jours', 'Rice', 'Naida', 'pellentesque@sedsemegestas.org', '06 26 51 83 27'),
(35736, 'PGN22ONC7FG', 'Billet journee', 'Cooke', 'Sierra', 'sit@euenim.com', '06 17 61 90 55'),
(35737, 'STP88GTZ2JG', 'Billet journee', 'Fry', 'Sawyer', 'phasellus@tristiqueac.edu', '03 18 32 66 36'),
(35738, 'BEA53BMG8SB', 'Billet journee', 'Rios', 'Sybill', 'vel.quam.dignissim@ascelerisque.net', '02 64 48 51 52'),
(35739, 'XHQ14BJD8HL', 'Pass plusieurs jours', 'Diaz', 'Cherokee', 'eu.tellus@necimperdietnec.ca', '08 48 59 44 18'),
(35740, 'PAP44TPF3QD', 'Billet journee', 'Randolph', 'Nelle', 'tempus.risus@pellentesqueut.co.uk', '04 05 33 89 91'),
(35741, 'JBF25LKC8NF', 'Pass plusieurs jours', 'Paul', 'Iona', 'mauris.magna.duis@acmattis.com', '05 94 20 68 17'),
(35742, 'IWT49DTC9GF', 'Pass plusieurs jours', 'Hill', 'Nayda', 'libero@congueinscelerisque.ca', '01 10 62 15 17'),
(35743, 'HVG77CFP1VT', 'Billet journee', 'Parsons', 'Lunea', 'nascetur.ridiculus@malesuadafringilla.com', '02 64 29 67 27'),
(35744, 'RFZ01OOB6MM', 'Pass plusieurs jours', 'Quinn', 'Astra', 'ac.urna@euligulaaenean.org', '01 91 24 20 91'),
(35745, 'SHY18FQD5BM', 'Premium', 'Collier', 'Pearl', 'eu@interdumligulaeu.net', '06 12 27 48 98'),
(35746, 'BQC76FGC3AE', 'Premium', 'Farmer', 'Gavin', 'in@vitaerisus.co.uk', '09 51 24 60 33'),
(35747, 'UYU57MGD6WV', 'Pass plusieurs jours', 'Kerr', 'Castor', 'rhoncus.id.mollis@cubiliacuraedonec.co.uk', '01 62 95 66 58'),
(35748, 'FLU50HIY9HD', 'Billet journee', 'Castro', 'Ivan', 'non@nuncsitamet.co.uk', '04 27 35 96 58'),
(35749, 'UJR13NEJ3NU', 'Billet journee', 'Lamb', 'Tucker', 'neque.nullam@adipiscingnon.net', '03 59 74 35 48'),
(35750, 'DLB35UXQ5EO', 'Billet journee', 'Luna', 'Rhiannon', 'sed.tortor@vestibulum.ca', '06 18 96 61 63'),
(35751, 'JLT67KSL7PB', 'Pass plusieurs jours', 'Molina', 'Amelia', 'aliquet.metus@scelerisquelorem.com', '05 86 82 68 90'),
(35752, 'FGK50DGD2BV', 'Pass plusieurs jours', 'Bright', 'Shaine', 'elementum.lorem.ut@acurnaut.ca', '06 41 26 43 43'),
(35753, 'DXO58BIN5XW', 'Premium', 'Ballard', 'Deanna', 'lobortis.augue@morbinonsapien.net', '05 64 30 67 23'),
(35754, 'BUX58VVL9RN', 'Pass plusieurs jours', 'Vega', 'Lareina', 'elit.pharetra.ut@netusetmalesuada.org', '04 84 89 80 47'),
(35755, 'YST65SLS7NN', 'Pass plusieurs jours', 'Rush', 'Jemima', 'blandit.viverra@liberoproin.ca', '04 32 42 55 03'),
(35756, 'UVP46WPU1WB', 'Billet journee', 'Hubbard', 'Bradley', 'nostra.per.inceptos@commodo.edu', '03 69 41 26 54'),
(35757, 'WNM14UHS1YX', 'Pass plusieurs jours', 'Stanton', 'Breanna', 'sed.nulla.ante@lobortisquama.net', '05 21 76 51 64'),
(35758, 'TQQ90OUV7UR', 'Pass plusieurs jours', 'Farmer', 'Ignatius', 'gravida.sagittis@aliquam.ca', '08 53 52 46 87'),
(35759, 'LUK65YQK1NR', 'Pass plusieurs jours', 'Santiago', 'Kennan', 'in.faucibus@enim.co.uk', '06 43 69 78 67'),
(35760, 'FIY89XDF6IG', 'Premium', 'White', 'Price', 'tincidunt.dui.augue@a.edu', '04 56 53 36 77'),
(35761, 'RYG38WWB9UR', 'Billet journee', 'Bright', 'Wyatt', 'est.nunc@commodo.ca', '08 32 17 68 12'),
(35762, 'UWF22EXT5OS', 'Billet journee', 'Peters', 'Ira', 'magna@idmollis.com', '02 25 31 04 57'),
(35763, 'OMK54OAS6NU', 'Pass plusieurs jours', 'Lucas', 'Veronica', 'mi.eleifend@classaptent.org', '06 33 83 56 21'),
(35764, 'ONO06VCQ5SP', 'Billet journee', 'Snyder', 'Mariam', 'ut.erat.sed@aliquamiaculis.edu', '03 52 96 44 60'),
(35765, 'DML94MYA9ZY', 'Billet journee', 'Solis', 'Iona', 'sagittis.semper.nam@viverra.net', '04 37 70 72 93'),
(35766, 'PQU39OKS0HR', 'Billet journee', 'Terrell', 'Tobias', 'tempus.eu@miduisrisus.co.uk', '03 21 63 55 23'),
(35767, 'BPK07ELA2SI', 'Pass plusieurs jours', 'Hoffman', 'Daphne', 'cras.convallis.convallis@necante.ca', '08 22 16 31 55'),
(35768, 'WQB99KSG2PL', 'Billet journee', 'Price', 'Zephr', 'dolor.fusce@arcumorbisit.net', '02 87 28 09 18'),
(35769, 'TCB20LRV8OK', 'Pass plusieurs jours', 'Wilkinson', 'Germane', 'urna.convallis@tempus.com', '05 32 42 36 97'),
(35770, 'GLY88EHE6QY', 'Pass plusieurs jours', 'Gilbert', 'Raymond', 'nec.tellus.nunc@suscipitestac.ca', '04 52 20 41 87'),
(35771, 'PUF99HTQ9CF', 'Pass plusieurs jours', 'Hickman', 'Wang', 'nunc.ac@tempusmauriserat.org', '05 98 87 26 47'),
(35772, 'MWX31SWX6BE', 'Billet journee', 'French', 'Philip', 'vitae.semper@egestashendreritneque.edu', '06 80 65 16 49'),
(35773, 'WIK58IMK1CX', 'Premium', 'Todd', 'Jin', 'cubilia@nuncinterdum.edu', '04 15 65 34 81'),
(35774, 'RYC53TBJ0IR', 'Billet journee', 'Shannon', 'Samson', 'tempus.scelerisque@nec.co.uk', '05 83 51 50 36'),
(35775, 'RSL83GRW7MQ', 'Billet journee', 'Madden', 'Alfonso', 'eu.euismod@montes.net', '02 74 74 74 36'),
(35776, 'HCT11VIK6XI', 'Premium', 'York', 'Lucas', 'vel.convallis@arcuvelquam.com', '03 24 47 83 16'),
(35777, 'RYF42KDT4NB', 'Premium', 'Reed', 'Macey', 'ut.lacus@euodio.com', '05 31 92 33 89'),
(35778, 'KSC07NQX8II', 'Billet journee', 'Stark', 'Wendy', 'ut@luctusaliquet.com', '04 32 87 04 84'),
(35779, 'BWK87SHG2EO', 'Billet journee', 'Knox', 'Noah', 'amet@velsapien.com', '05 42 72 10 99'),
(35780, 'MKS82ORL6RD', 'Pass plusieurs jours', 'Jackson', 'Kyle', 'vulputate.lacus.cras@sagittislobortis.ca', '04 73 88 31 22'),
(35781, 'QPM57VCK2EH', 'Premium', 'Charles', 'Levi', 'ante.maecenas@crasvehicula.org', '07 77 45 48 58'),
(35782, 'EOL13NCV4HO', 'Premium', 'Norman', 'Kenneth', 'a.dui.cras@acarcu.org', '06 19 25 54 68'),
(35783, 'DDV69TVO5TV', 'Billet journee', 'Greene', 'Nero', 'malesuada@nunc.ca', '03 36 56 24 84'),
(35784, 'CKK87APE5JS', 'Premium', 'Singleton', 'Quamar', 'in@risus.com', '03 70 45 66 42'),
(35785, 'SOY60CTC7WU', 'Pass plusieurs jours', 'Barr', 'James', 'arcu.vestibulum@adipiscingligulaaenean.net', '04 78 27 44 55'),
(35786, 'MGQ15KNA9MV', 'Premium', 'Aguirre', 'Hammett', 'donec@fringillapurus.edu', '04 55 21 95 88'),
(35787, 'JFA21FET9WE', 'Billet journee', 'Stephenson', 'Inez', 'nec.ante@arcuvel.ca', '02 66 58 63 20'),
(35788, 'PYH24DNH5GH', 'Billet journee', 'Fulton', 'Charity', 'lacinia.sed@quisqueornare.net', '05 27 93 11 01'),
(35789, 'EYF39OPX5VF', 'Pass plusieurs jours', 'Oneil', 'Cara', 'duis.mi@scelerisquescelerisque.co.uk', '09 41 27 36 35'),
(35790, 'XEG89ANE1WB', 'Premium', 'Boyer', 'Anthony', 'ipsum.suspendisse.non@nisisem.ca', '01 63 85 27 75'),
(35791, 'VOP85CTN5RV', 'Premium', 'Christian', 'Colorado', 'quisque.porttitor.eros@tristique.net', '09 80 25 87 04'),
(35792, 'CNC38VYF8HP', 'Billet journee', 'Chen', 'Cameron', 'ut@classaptent.edu', '08 71 97 23 47'),
(35793, 'ITY68UUT6KJ', 'Premium', 'Adkins', 'Mari', 'ipsum@aeneanmassa.net', '01 59 70 78 73'),
(35794, 'QMT78SIB8UP', 'Pass plusieurs jours', 'Mcleod', 'Aspen', 'mauris@arcu.co.uk', '06 87 15 27 39'),
(35795, 'OPX55NYK1OK', 'Billet journee', 'Hyde', 'Julian', 'lorem.ipsum@ornarelectus.edu', '06 27 15 27 64'),
(35796, 'RNL25TYR3JD', 'Billet journee', 'Pope', 'Shea', 'sed.congue@innecorci.ca', '01 53 57 16 58'),
(35797, 'QTH17LNJ3DW', 'Pass plusieurs jours', 'Kelly', 'Keefe', 'a@ullamcorperduisat.net', '03 84 29 87 21'),
(35798, 'ASQ22LAT5EL', 'Pass plusieurs jours', 'Bailey', 'Pearl', 'sociis.natoque@elementumdui.net', '07 68 83 51 73'),
(35799, 'SRB76TNF7QZ', 'Premium', 'Romero', 'Madeson', 'lorem@tempordiam.com', '03 37 68 58 75'),
(35800, 'VQM32MVT3ED', 'Billet journee', 'Mcdonald', 'Andrew', 'et@euismodmauriseu.com', '08 24 22 44 37'),
(35801, 'MPS21ZGO7TT', 'Billet journee', 'Holmes', 'Ivy', 'nibh@cursus.com', '08 40 13 37 11'),
(35802, 'RCO64FJL8OA', 'Pass plusieurs jours', 'Erickson', 'Tanner', 'felis.purus.ac@quisquelibero.com', '05 48 05 61 31'),
(35803, 'DLI11HDW8ZE', 'Pass plusieurs jours', 'Hahn', 'Jennifer', 'a.nunc@ornareelit.net', '09 85 72 62 01'),
(35804, 'IQB44LMN3OP', 'Premium', 'Grimes', 'Alika', 'rhoncus.proin.nisl@antemaecenasmi.ca', '04 65 21 67 41'),
(35805, 'VEX45ZOO5VK', 'Premium', 'Gillespie', 'Hayley', 'nec.ante@eratvivamusnisi.ca', '08 12 97 58 90'),
(35806, 'HYS12FGJ4IJ', 'Pass plusieurs jours', 'Bishop', 'Carlos', 'cras@accumsaninterdum.com', '05 25 72 46 88'),
(35807, 'PTS16GCW8MM', 'Pass plusieurs jours', 'Vasquez', 'Mercedes', 'donec.fringilla@in.co.uk', '05 10 35 23 25'),
(35808, 'HIE62JAZ3YV', 'Pass plusieurs jours', 'Henson', 'Oscar', 'magna@pharetranibhaliquam.ca', '08 71 22 49 53'),
(35809, 'JYE66IRF5VN', 'Premium', 'Dickson', 'Murphy', 'pede.et@aliquamornarelibero.edu', '02 34 84 43 12'),
(35810, 'ZRE16SNG4KH', 'Billet journee', 'Stein', 'Cullen', 'mollis@ultricesvivamus.com', '01 10 86 50 40'),
(35811, 'TEM75TDI8NM', 'Pass plusieurs jours', 'Deleon', 'Amy', 'fames@nuncmauris.org', '05 16 73 23 83'),
(35812, 'HIP81SEM8MD', 'Premium', 'Ramirez', 'Julian', 'sed.neque@nectempus.com', '02 31 16 67 47'),
(35813, 'BZW11WBD7ST', 'Billet journee', 'Jones', 'Celeste', 'semper.tellus@est.edu', '07 22 27 17 35'),
(35814, 'VAJ62KAI8PC', 'Premium', 'Miles', 'Rowan', 'sollicitudin.adipiscing.ligula@nonummy.co.uk', '06 96 15 50 85'),
(35815, 'DPV86CDB4TY', 'Pass plusieurs jours', 'Montoya', 'Moses', 'libero.nec.ligula@inlorem.ca', '01 58 13 52 62'),
(35816, 'JHU72RJM7PP', 'Premium', 'Rowe', 'Sybil', 'arcu@euodio.ca', '07 15 28 70 49'),
(35817, 'FMW58XJL7QG', 'Premium', 'Guzman', 'Hilary', 'scelerisque.neque.nullam@aliquamultricesiaculis.edu', '07 50 12 58 67'),
(35818, 'BNE87YOL6BQ', 'Pass plusieurs jours', 'Jefferson', 'Aspen', 'gravida@sollicitudinamalesuada.org', '06 58 79 19 68'),
(35819, 'IVE54FWK0QW', 'Pass plusieurs jours', 'Christian', 'Maggie', 'dolor.fusce.mi@nisl.ca', '03 47 54 65 26'),
(35820, 'CTP47ASB2LU', 'Premium', 'England', 'Dante', 'metus@metusvivamus.org', '08 11 11 51 54'),
(35821, 'PGU90JWQ0OE', 'Pass plusieurs jours', 'Townsend', 'Reese', 'vestibulum@at.com', '03 65 42 44 88'),
(35822, 'UZK61XVQ2MY', 'Billet journee', 'Guerrero', 'Jelani', 'mauris.non@liberoet.net', '01 39 33 07 84'),
(35823, 'LXW58KKW1UG', 'Premium', 'Holder', 'Adena', 'hendrerit@temporarcu.com', '08 86 84 45 36'),
(35824, 'WTR10RMY4EQ', 'Premium', 'Crawford', 'Maya', 'euismod.urna@magnisdis.net', '05 82 94 15 25'),
(35825, 'LHA33DXV7SU', 'Premium', 'Harrington', 'Levi', 'diam.proin@maurissagittis.ca', '04 63 29 53 66'),
(35826, 'CJT12ECV0EZ', 'Premium', 'Brennan', 'Melodie', 'blandit.viverra.donec@posuereat.org', '09 63 19 51 71'),
(35827, 'LXK92TND7XJ', 'Billet journee', 'Barton', 'Tatyana', 'vel.arcu.curabitur@amet.com', '07 23 68 41 63'),
(35828, 'TMX03QRQ0UU', 'Billet journee', 'Newman', 'Cody', 'auctor.mauris@liberoproinmi.edu', '02 69 29 36 21'),
(35829, 'JMF38ZNR5NX', 'Premium', 'Richards', 'Shelby', 'est.ac@elit.edu', '03 36 12 70 32'),
(35830, 'WKV53GVP3OK', 'Billet journee', 'Phillips', 'Gray', 'ante.iaculis@egestasblanditnam.com', '08 28 63 18 30'),
(35831, 'DKH66NLU4IC', 'Pass plusieurs jours', 'Price', 'Bertha', 'ac.libero@diameudolor.com', '08 21 21 35 88'),
(35832, 'LPV25BRA8SQ', 'Billet journee', 'Gould', 'Sonia', 'nam.ligula@inat.ca', '08 58 24 87 49'),
(35833, 'JKC96SUD6HI', 'Billet journee', 'Tanner', 'Lilah', 'eu.tempor.erat@integervulputate.edu', '04 12 70 17 44'),
(35834, 'MEG89FUG1MY', 'Premium', 'Blanchard', 'Burton', 'auctor.velit@gravidamaurisut.org', '02 52 32 44 83'),
(35835, 'ECY53XYI8ST', 'Billet journee', 'Morrow', 'Herrod', 'aliquam.adipiscing@ac.com', '03 55 28 14 06'),
(35836, 'KHA92UTH9HF', 'Premium', 'Rasmussen', 'Garrett', 'sem@curabiturconsequatlectus.co.uk', '02 32 15 20 43'),
(35837, 'CRA95CQR2XD', 'Billet journee', 'Wooten', 'Herman', 'lacus.aliquam.rutrum@proin.net', '05 18 31 82 14'),
(35838, 'PVS53PMS0UD', 'Pass plusieurs jours', 'English', 'Wade', 'nulla.aliquet@ultriciesligula.com', '08 24 86 25 18'),
(35839, 'GIW62XWU6WV', 'Pass plusieurs jours', 'Becker', 'Harrison', 'nam.ligula.elit@nislelementum.ca', '09 53 32 09 91'),
(35840, 'JQZ42TBX8MI', 'Premium', 'Butler', 'Timothy', 'ligula.tortor@nulla.net', '05 72 85 08 79'),
(35841, 'TQL33ZDT9BR', 'Pass plusieurs jours', 'Salazar', 'Veda', 'sociis@faucibusmorbi.net', '05 60 04 04 31'),
(35842, 'XFU49ZSX4DU', 'Premium', 'Gonzales', 'Tasha', 'et.ultrices@nonbibendum.net', '05 66 63 82 15'),
(35843, 'LVP82GPC0SL', 'Pass plusieurs jours', 'Whitfield', 'Josephine', 'metus.in@proin.com', '06 13 72 47 44'),
(35844, 'DFV49YZF6VK', 'Premium', 'Wyatt', 'Orla', 'ullamcorper@augueeutempor.net', '09 19 10 26 70'),
(35845, 'NIZ35QEL4HT', 'Pass plusieurs jours', 'Daugherty', 'Lacey', 'metus.aliquam.erat@pharetraut.com', '04 16 33 81 45'),
(35846, 'HMH61BQF9YT', 'Premium', 'Bradley', 'Burke', 'quis.massa@nam.co.uk', '06 10 11 32 63'),
(35847, 'KAC02GNK4ME', 'Premium', 'Watts', 'Duncan', 'odio.auctor@praesent.co.uk', '06 88 18 41 63'),
(35848, 'ISN20UEP4WQ', 'Pass plusieurs jours', 'Poole', 'Signe', 'primis.in@nulla.com', '04 83 61 73 40'),
(35849, 'LAX19TEW9MI', 'Pass plusieurs jours', 'Ortega', 'Leroy', 'ut.aliquam@consectetuerrhoncusnullam.com', '05 26 74 23 38'),
(35850, 'GJV81XUV5LW', 'Billet journee', 'Armstrong', 'Blythe', 'id.libero@convallisin.edu', '01 23 18 69 79'),
(35851, 'XIQ46HOP7ZJ', 'Billet journee', 'Bell', 'Ulric', 'pede.cum.sociis@luctussit.com', '07 35 47 48 76'),
(35852, 'FXI42XCP2IS', 'Billet journee', 'Clements', 'Todd', 'tristique.aliquet@euultrices.org', '08 35 04 98 16'),
(35853, 'HNL84CJN6PM', 'Premium', 'Huffman', 'Yael', 'eleifend.nunc@faucibus.co.uk', '08 16 42 32 21'),
(35854, 'TXO16XUJ5KV', 'Billet journee', 'Cabrera', 'Felix', 'aliquet@inconsectetuer.org', '05 22 23 85 72'),
(35855, 'ETW13TPK4EW', 'Billet journee', 'Carter', 'Marny', 'nec@aliquetlobortis.com', '06 58 43 31 64'),
(35856, 'BKC08VRR7IK', 'Pass plusieurs jours', 'Weber', 'Colin', 'purus.duis@nequevitaesemper.org', '04 82 75 69 85'),
(35857, 'WHW31DSV7UG', 'Pass plusieurs jours', 'Booker', 'Buckminster', 'ipsum.suspendisse.non@elitetiamlaoreet.net', '09 65 55 25 07'),
(35858, 'LDI55LRQ1LO', 'Pass plusieurs jours', 'Cannon', 'Giselle', 'mauris.molestie@fringillacursus.org', '08 81 66 65 91'),
(35859, 'LKJ27WLF7XC', 'Billet journee', 'Davidson', 'Dahlia', 'ornare.sagittis@metusvivamuseuismod.ca', '08 27 54 62 31'),
(35860, 'DKX17MSF9RA', 'Premium', 'Glass', 'Aimee', 'lectus.quis@egestasduis.edu', '03 74 28 35 62'),
(35861, 'BVQ14NGJ4TD', 'Billet journee', 'Torres', 'Brent', 'auctor.velit@ipsumprimis.ca', '05 51 20 12 81'),
(35862, 'YFN02MHT8FV', 'Billet journee', 'Villarreal', 'Eric', 'mauris@consectetuer.ca', '07 54 70 49 14'),
(35863, 'TWW73VEW3LM', 'Pass plusieurs jours', 'Castillo', 'Thomas', 'nam.nulla@consequat.net', '07 56 56 75 40'),
(35864, 'WAC06BOI8ZR', 'Billet journee', 'Guerra', 'Kiayada', 'eget.lacus.mauris@donecdignissimmagna.edu', '01 02 33 66 88'),
(35865, 'FMW73IRP5LS', 'Pass plusieurs jours', 'Trevino', 'Cassidy', 'ultricies.ligula.nullam@eros.org', '06 55 57 19 53'),
(35866, 'GCH70OID5OA', 'Billet journee', 'Boone', 'David', 'sed.molestie@lectuspede.ca', '03 31 75 11 75'),
(35867, 'ZSN74MBD5KZ', 'Pass plusieurs jours', 'Miller', 'Tara', 'molestie.tellus@donec.com', '07 68 50 16 63'),
(35868, 'NNA31CEJ3IS', 'Billet journee', 'Kelly', 'Gabriel', 'gravida@amet.net', '05 37 41 46 17'),
(35869, 'SBL44IXS4KL', 'Premium', 'Sandoval', 'Lacey', 'sagittis.lobortis@scelerisquemollis.edu', '05 84 15 85 05'),
(35870, 'MJK42CUJ7SB', 'Pass plusieurs jours', 'Tate', 'Laurel', 'arcu.nunc@rutrumnon.ca', '04 14 76 33 87'),
(35871, 'CUX82KMI5KX', 'Premium', 'Long', 'Germaine', 'ut@eueleifend.net', '02 56 45 35 16'),
(35872, 'VUE52QBO3ES', 'Billet journee', 'Barrera', 'Gavin', 'arcu.sed@crasdictum.net', '06 87 36 43 51'),
(35873, 'AKA72VNM4JC', 'Billet journee', 'Williams', 'Emerson', 'id.mollis@erosnonenim.edu', '02 71 40 72 63'),
(35874, 'RGV74SZK0AM', 'Billet journee', 'Joyce', 'Lilah', 'nulla.integer@nibhdonec.co.uk', '02 15 99 07 68'),
(35875, 'DKM48IPI5KB', 'Pass plusieurs jours', 'Clayton', 'Kuame', 'ante.iaculis.nec@lacuspedesagittis.ca', '03 65 11 83 79'),
(35876, 'MCP55NNL3PP', 'Billet journee', 'Whitehead', 'Talon', 'pretium.neque@vitae.co.uk', '03 31 23 41 57'),
(35877, 'MDD45JFX4HF', 'Billet journee', 'Meyer', 'Hadley', 'erat.vel@acarcu.net', '09 90 72 84 68'),
(35878, 'BTX12NIN1WF', 'Pass plusieurs jours', 'Benjamin', 'Cody', 'et.malesuada@proinvelarcu.co.uk', '05 43 33 82 73'),
(35879, 'YEH31ZGU3NZ', 'Pass plusieurs jours', 'Brady', 'Maxine', 'feugiat.lorem@nonloremvitae.net', '02 54 20 67 14'),
(35880, 'FGL11BDG1II', 'Pass plusieurs jours', 'Stanley', 'Ivan', 'parturient.montes.nascetur@amalesuada.ca', '05 71 53 11 35'),
(35881, 'LIN94QEW6ZN', 'Billet journee', 'Patel', 'Troy', 'semper.auctor@morbisit.net', '09 32 62 78 89'),
(35882, 'CQO12TEA5SM', 'Pass plusieurs jours', 'Snyder', 'Plato', 'nec.ante.blandit@aliquet.net', '08 24 40 25 84'),
(35883, 'ILB66KBD4LI', 'Premium', 'Yang', 'Leonard', 'eget@nullamlobortis.com', '07 65 32 41 36'),
(35884, 'FOQ24LEM4TM', 'Premium', 'Gonzalez', 'Lydia', 'neque.sed.sem@mieleifend.com', '01 31 33 26 89'),
(35885, 'SSD45YYQ1TD', 'Premium', 'Smith', 'Keaton', 'tellus.suspendisse@rutrummagna.org', '03 77 35 75 32'),
(35886, 'ISJ91KJM4GR', 'Premium', 'Mclean', 'Sybill', 'lectus.cum@musproinvel.net', '02 57 52 72 64'),
(35887, 'QVO74QJH7TD', 'Premium', 'Willis', 'Pandora', 'mauris.aliquam.eu@inscelerisque.co.uk', '02 01 68 44 10'),
(35888, 'BDM10TCX7SC', 'Pass plusieurs jours', 'Osborne', 'Lester', 'dictum@facilisis.ca', '01 20 52 54 78'),
(35889, 'GPI41QUL4KN', 'Pass plusieurs jours', 'French', 'Harrison', 'nam.nulla@idmollisnec.edu', '02 37 17 93 62'),
(35890, 'HKI11SRJ7FO', 'Premium', 'Mercer', 'Frances', 'quisque.varius@ornareelit.org', '07 60 98 46 62'),
(35891, 'NGP48XMU4UO', 'Pass plusieurs jours', 'Dominguez', 'Chaney', 'nisi.aenean.eget@nondapibus.co.uk', '01 49 35 37 72'),
(35892, 'NNE34SVG4FB', 'Billet journee', 'Bauer', 'Nadine', 'enim@cumsociis.edu', '03 81 78 25 57'),
(35893, 'MRG61YBL6HW', 'Premium', 'Mcclure', 'Amos', 'semper.egestas@necante.edu', '07 00 43 77 43'),
(35894, 'YES24VPX7ZO', 'Premium', 'Chase', 'Preston', 'etiam.vestibulum.massa@sedliberoproin.org', '08 78 64 28 97'),
(35895, 'BIG82CRY3CR', 'Billet journee', 'Dyer', 'April', 'etiam.gravida@nonnisi.ca', '02 28 12 42 89'),
(35896, 'KUM64GRG2KE', 'Pass plusieurs jours', 'Green', 'Griffith', 'semper.cursus@disparturientmontes.edu', '03 76 15 00 25'),
(35897, 'CRQ72IUD3NS', 'Premium', 'Pennington', 'Judah', 'nunc@adipiscingelit.net', '09 52 26 87 31'),
(35898, 'NXJ97FDJ2IH', 'Pass plusieurs jours', 'Harris', 'Lee', 'elit@eu.co.uk', '06 34 63 23 98'),
(35899, 'HJR60JPL3II', 'Billet journee', 'Guzman', 'Colt', 'et.ultrices.posuere@et.ca', '02 23 85 80 83'),
(35900, 'KGW11LIL3JL', 'Pass plusieurs jours', 'Espinoza', 'Peter', 'enim@odiovel.ca', '04 34 43 12 53'),
(35901, 'AVL89DNA6MA', 'Billet journee', 'Richards', 'Craig', 'montes@erategetipsum.net', '04 15 46 38 88'),
(35902, 'XDQ66VVP5FM', 'Premium', 'Ratliff', 'Preston', 'libero.mauris.aliquam@senectuset.net', '06 38 35 88 94'),
(35903, 'IUE11KMX4AG', 'Pass plusieurs jours', 'Decker', 'Bell', 'ac.risus@arcuimperdiet.co.uk', '06 78 67 16 31'),
(35904, 'WJH48DQB6FC', 'Premium', 'Hale', 'Fletcher', 'sit.amet@aliquetlobortisnisi.ca', '02 59 22 96 44'),
(35905, 'XWT68ZTD6KY', 'Pass plusieurs jours', 'Swanson', 'Malachi', 'sapien.molestie@antelectus.edu', '06 40 50 72 38'),
(35906, 'XFJ19RYN8FC', 'Premium', 'Hyde', 'Nathaniel', 'et.lacinia@maecenasornareegestas.edu', '06 95 38 16 76'),
(35907, 'UNM18USB6UR', 'Premium', 'Kirby', 'Britanni', 'magnis@risus.co.uk', '07 38 83 03 00'),
(35908, 'SDS24SJP8OJ', 'Pass plusieurs jours', 'Clemons', 'Piper', 'odio.a@auctormaurisvel.net', '03 87 15 84 48'),
(35909, 'UDV64OPZ4MO', 'Premium', 'Graves', 'Rebecca', 'laoreet@natoquepenatibus.edu', '06 96 44 40 65');
INSERT INTO `t_participant_parti` (`parti_id`, `parti_chainecar`, `parti_type_pass`, `parti_nom`, `parti_prenom`, `parti_mail`, `parti_tel`) VALUES
(35910, 'QKG24VQG7GN', 'Pass plusieurs jours', 'Hubbard', 'Elvis', 'nunc@duiscursus.edu', '09 57 79 80 10'),
(35911, 'FHU75CHQ9IF', 'Billet journee', 'Roach', 'Hamilton', 'ultrices.mauris.ipsum@dictumeleifend.com', '09 77 81 78 76'),
(35912, 'ANA77XKS5EI', 'Billet journee', 'Sanders', 'Ira', 'eu@dui.co.uk', '08 89 08 16 74'),
(35913, 'VDX65YKG3UE', 'Premium', 'Middleton', 'Aidan', 'aliquam@commodo.org', '08 05 17 89 86'),
(35914, 'PVA57KPR7HM', 'Billet journee', 'Richards', 'Sarah', 'et.magnis@malesuadaid.ca', '03 49 91 44 84'),
(35915, 'JUM47ECT7FK', 'Pass plusieurs jours', 'Downs', 'Macon', 'tellus@loremut.edu', '06 76 25 98 04'),
(35916, 'ZXO45SIM4TY', 'Pass plusieurs jours', 'Carey', 'Holmes', 'gravida.molestie.arcu@duifusce.com', '08 54 25 07 44'),
(35917, 'HPZ39OOH6XJ', 'Pass plusieurs jours', 'Conway', 'Jameson', 'dui.nec@nonmagna.ca', '02 47 68 51 15'),
(35918, 'PUI26YBE7SH', 'Billet journee', 'Carr', 'Gareth', 'non.luctus@convallis.edu', '02 41 56 62 19'),
(35919, 'CWJ87EMO7NJ', 'Premium', 'Mcintyre', 'Grace', 'non.lorem.vitae@nequevenenatis.ca', '03 16 57 38 71'),
(35920, 'VXT67NWQ1RO', 'Billet journee', 'David', 'Gavin', 'aliquam.gravida@leoelementum.org', '06 61 34 66 12'),
(35921, 'XVW97ABV3PX', 'Pass plusieurs jours', 'Swanson', 'Rhonda', 'sed.dolor.fusce@maurissapien.edu', '09 25 95 54 33'),
(35922, 'YFS63LBM1UT', 'Premium', 'Cervantes', 'Emery', 'aliquam.ultrices.iaculis@malesuadavel.edu', '05 26 54 01 34'),
(35923, 'CIU22IFR7TC', 'Billet journee', 'Bell', 'Brent', 'mauris.morbi@etipsum.com', '08 82 38 47 76'),
(35924, 'VJX43KGP3OL', 'Pass plusieurs jours', 'Baldwin', 'Kermit', 'pede@nonleo.net', '07 81 59 88 54'),
(35925, 'VHA97VGD7XO', 'Pass plusieurs jours', 'Tran', 'Griffin', 'ultricies.ornare@sitamet.co.uk', '08 66 03 94 31'),
(35926, 'AKP33COX9JN', 'Pass plusieurs jours', 'Holcomb', 'Leonard', 'donec.egestas.aliquam@massamauris.edu', '07 04 51 26 16'),
(35927, 'NFL58SFH0FS', 'Premium', 'Bridges', 'Jescie', 'donec@tellus.co.uk', '08 56 86 15 85'),
(35928, 'MCV15UFO2JB', 'Billet journee', 'Soto', 'Cyrus', 'lorem@imperdietullamcorper.org', '02 17 08 17 14'),
(35929, 'CJW84KHN7KN', 'Billet journee', 'Salazar', 'Jack', 'ornare.lectus@libero.net', '03 16 45 57 17'),
(35930, 'IQP71ZGN1KW', 'Billet journee', 'Kelley', 'Beck', 'ligula@nuncmaurismorbi.ca', '03 15 23 31 89'),
(35931, 'EAL71FNW1HN', 'Premium', 'Barrett', 'Hedy', 'natoque.penatibus@liberoest.net', '06 37 51 38 04'),
(35932, 'EGJ50XES2XA', 'Billet journee', 'Cooley', 'Declan', 'dui.augue@nullamagna.org', '07 69 76 23 98'),
(35933, 'VKX72QMK9ZO', 'Pass plusieurs jours', 'Estes', 'Yardley', 'ipsum.nunc@consectetuereuismod.com', '08 41 78 14 18'),
(35934, 'VBJ79DQZ4QF', 'Premium', 'Franks', 'Amena', 'mi@massaintegervitae.com', '03 79 64 15 27'),
(35935, 'QJU16JTG6IT', 'Billet journee', 'Workman', 'Dustin', 'lacinia.mattis.integer@suscipitest.ca', '04 26 88 25 55'),
(35936, 'RGR71SMD4KG', 'Pass plusieurs jours', 'Booker', 'Nasim', 'nisi.a.odio@fuscealiquet.org', '08 52 91 23 78'),
(35937, 'XBJ17TLB6NT', 'Pass plusieurs jours', 'Ford', 'Yen', 'convallis@odiophasellus.org', '04 88 13 90 50'),
(35938, 'WSW88EZY8LF', 'Pass plusieurs jours', 'Wiley', 'Brittany', 'praesent.eu@semperauctor.org', '08 77 93 52 72'),
(35939, 'QCD33UGN0LI', 'Premium', 'Emerson', 'Melyssa', 'inceptos.hymenaeos.mauris@arcuacorci.edu', '07 98 13 63 74'),
(35940, 'UCY78LXZ2QH', 'Premium', 'Melendez', 'Jameson', 'id.nunc@curaephasellus.edu', '08 11 41 51 45'),
(35941, 'LBJ83MEO2AU', 'Pass plusieurs jours', 'Harrington', 'Hilary', 'mauris.vestibulum@velvulputate.org', '02 06 32 65 61'),
(35942, 'MOI37VVI6CX', 'Premium', 'Ortiz', 'Burke', 'turpis.vitae@a.co.uk', '08 15 16 81 83'),
(35943, 'GRN81GPG2XK', 'Premium', 'Larsen', 'Martin', 'suspendisse.aliquet.sem@nunc.org', '04 36 65 02 23'),
(35944, 'HQV25XOW5LF', 'Premium', 'Hooper', 'Adrienne', 'vel.mauris@tristiquepharetra.ca', '03 19 17 62 05'),
(35945, 'XKI54MHV8ZC', 'Billet journee', 'Humphrey', 'Kevin', 'quis.diam@nulladonec.ca', '04 42 36 26 65'),
(35946, 'XXG31IIU0VA', 'Pass plusieurs jours', 'Decker', 'Logan', 'erat.nonummy@vehicula.net', '03 26 63 88 51'),
(35947, 'EGG12LWV2PP', 'Premium', 'Walsh', 'Theodore', 'ornare@ultriciessemmagna.edu', '04 54 45 83 65'),
(35948, 'HUS14LGI0CF', 'Pass plusieurs jours', 'Cortez', 'Octavia', 'vivamus.sit@asollicitudinorci.ca', '07 79 51 47 83'),
(35949, 'GBQ44EVX5AM', 'Billet journee', 'Bray', 'Yeo', 'sed@enimdiamvel.co.uk', '02 41 41 74 95'),
(35950, 'WSN31BPZ5EB', 'Billet journee', 'Bush', 'Kieran', 'tellus.non@inconsequatenim.edu', '05 30 83 87 71'),
(35951, 'POI94USJ8GU', 'Pass plusieurs jours', 'Wong', 'Bruno', 'mattis@eu.co.uk', '06 35 84 84 47'),
(35952, 'KCC67TFV9FB', 'Premium', 'Mcneil', 'Marah', 'malesuada.vel.convallis@nunclectus.edu', '03 68 63 62 36'),
(35953, 'STJ68LAX1UU', 'Pass plusieurs jours', 'Hays', 'Rowan', 'libero.proin@condimentumdonec.net', '03 86 37 18 89'),
(35954, 'LSB64DIK7IR', 'Pass plusieurs jours', 'Gallegos', 'Alvin', 'non.quam@elitaliquam.org', '06 46 31 59 81'),
(35955, 'GNI18HDM3ZJ', 'Premium', 'Gates', 'Blake', 'fringilla.cursus@posuerecubilia.edu', '08 31 84 36 43'),
(35956, 'RZL46TVQ3RE', 'Billet journee', 'Coffey', 'Tatyana', 'sem.mollis@eusem.com', '02 36 61 78 38'),
(35957, 'OYI70SUN4RH', 'Billet journee', 'Barker', 'Shellie', 'aliquam.rutrum.lorem@suspendisse.ca', '05 48 61 46 11'),
(35958, 'UJG87WVS4RQ', 'Billet journee', 'Yang', 'Jeanette', 'volutpat.ornare@tristiquesenectuset.net', '05 67 36 26 57'),
(35959, 'FXG97BAP5XC', 'Pass plusieurs jours', 'Strong', 'Gareth', 'neque.sed@tellusjustosit.co.uk', '05 73 67 15 24'),
(35960, 'ZGW61YJB4WN', 'Premium', 'Robinson', 'Kylynn', 'facilisis@seddiamlorem.ca', '04 42 42 01 86'),
(35961, 'QOO41WDZ4TX', 'Billet journee', 'Melton', 'Plato', 'quis.tristique.ac@metusvitae.net', '06 46 65 55 54'),
(35962, 'GPD76GHY9FL', 'Billet journee', 'Sosa', 'Kasper', 'vestibulum.mauris.magna@eulacus.co.uk', '08 94 48 53 74'),
(35963, 'ETT96MLW8EF', 'Premium', 'Ferrell', 'Amity', 'nunc.ac@gravidanon.co.uk', '06 27 27 35 06'),
(35964, 'GCY12DHV2VA', 'Pass plusieurs jours', 'Hess', 'Quynn', 'eros.nec@temporarcu.net', '07 28 28 50 57'),
(35965, 'BJQ82HZR6HN', 'Premium', 'Washington', 'Valentine', 'nunc@adipiscingelitaliquam.co.uk', '04 64 77 24 78'),
(35966, 'MZR48RUG0ND', 'Pass plusieurs jours', 'Avila', 'Maris', 'mauris.sagittis@mi.edu', '02 06 92 71 45'),
(35967, 'BPD91QFP6OB', 'Billet journee', 'Sanchez', 'Alfonso', 'per.conubia.nostra@aliquetmolestietellus.com', '04 53 27 94 55'),
(35968, 'KJU27JBG4DU', 'Pass plusieurs jours', 'Kelley', 'Raymond', 'arcu.vestibulum@maurisvestibulumneque.org', '03 63 70 36 62'),
(35969, 'CRX27DZK5TP', 'Premium', 'Austin', 'Kimberley', 'diam.lorem@lectuspedeultrices.edu', '06 58 87 52 44'),
(35970, 'XMO63TWC8YV', 'Billet journee', 'Kent', 'Wylie', 'ullamcorper.magna@elementumloremut.edu', '03 75 66 86 11'),
(35971, 'GLM21WAH9UY', 'Billet journee', 'Kemp', 'Noah', 'nunc.mauris@necluctus.com', '03 54 41 55 97'),
(35972, 'DLV52VWT5IZ', 'Billet journee', 'Santiago', 'Josiah', 'accumsan.neque@ornare.net', '07 62 16 44 36'),
(35973, 'HTW43IXC5IS', 'Pass plusieurs jours', 'Norton', 'Eugenia', 'egestas.fusce@enimcondimentum.ca', '02 23 27 58 25'),
(35974, 'JGN92NWP5KU', 'Billet journee', 'Carney', 'Illiana', 'nunc.quis@magna.co.uk', '08 47 74 65 24'),
(35975, 'WLK26WFL1LO', 'Pass plusieurs jours', 'Mclaughlin', 'Avram', 'magna.nec@integerin.org', '01 87 86 68 75'),
(35976, 'ALF78KCZ5OV', 'Billet journee', 'Vaughn', 'Debra', 'eget.nisi@volutpatnuncsit.com', '02 57 53 76 67'),
(35977, 'CVF52LXR1EQ', 'Premium', 'Fitzgerald', 'Harlan', 'pellentesque.massa@porttitorinterdumsed.edu', '02 78 36 42 30'),
(35978, 'DRK71NRH0RG', 'Premium', 'Jennings', 'Baker', 'massa.rutrum@ametdiam.com', '09 04 70 73 14'),
(35979, 'GMN78DTN8GW', 'Pass plusieurs jours', 'Mcfarland', 'Kennan', 'in@facilisisfacilisismagna.org', '02 15 54 43 12'),
(35980, 'BCT56GTK8XV', 'Premium', 'Gates', 'Conan', 'dolor.vitae@cursusnon.net', '03 96 71 29 28'),
(35981, 'IVQ26RSP8TK', 'Billet journee', 'Luna', 'Medge', 'donec.tincidunt.donec@eleifendvitae.org', '04 67 53 38 54'),
(35982, 'LRN60MPF3OU', 'Billet journee', 'Lucas', 'Quyn', 'nunc.quis.arcu@curabiturut.ca', '07 78 17 40 44'),
(35983, 'KEL24SOM2NW', 'Premium', 'Love', 'Clementine', 'donec.egestas@etipsumcursus.com', '07 76 63 75 72'),
(35984, 'XVG14GVR3LD', 'Premium', 'Merritt', 'Hasad', 'euismod.mauris@estnuncullamcorper.net', '06 56 47 04 67'),
(35985, 'HJQ24OON2AB', 'Billet journee', 'Bender', 'Venus', 'sit.amet.dapibus@ornaretortor.com', '02 20 57 01 56'),
(35986, 'WPH84UGM6DY', 'Pass plusieurs jours', 'Velazquez', 'Dorian', 'fringilla.purus.mauris@fuscemollis.edu', '07 15 53 00 62'),
(35987, 'LMB79ZBI8US', 'Billet journee', 'Garner', 'Lynn', 'eu.eros.nam@etarcuimperdiet.net', '09 63 37 25 97'),
(35988, 'ITF35CZL6SP', 'Billet journee', 'Frank', 'Keely', 'lacus@cursusnunc.net', '03 73 53 13 62'),
(35989, 'VAS29BJC7PX', 'Pass plusieurs jours', 'Reed', 'Paula', 'sagittis.duis@velitinaliquet.net', '02 89 78 03 19'),
(35990, 'YBM74LWO8FC', 'Premium', 'Burton', 'Inga', 'ipsum.dolor.sit@fringillacursus.edu', '04 28 89 22 55'),
(35991, 'LGM18FIW5VI', 'Pass plusieurs jours', 'Hogan', 'Herrod', 'malesuada.vel@nequesed.co.uk', '03 73 18 24 73'),
(35992, 'UMK50EPL1VC', 'Billet journee', 'Dillard', 'Prescott', 'odio.sagittis@magnasuspendisse.edu', '03 18 68 60 64'),
(35993, 'EOU18XRN5CE', 'Premium', 'Yates', 'Neve', 'sed@eratin.edu', '04 27 16 63 10'),
(35994, 'JUT18MUR4KV', 'Premium', 'Mcfarland', 'Iris', 'non@necmalesuada.com', '08 63 02 17 69'),
(35995, 'EQY39ZLY5YS', 'Billet journee', 'Weaver', 'Yoshio', 'sed.pede@primis.org', '05 10 66 32 36'),
(35996, 'BHU91LJO2PR', 'Premium', 'Santos', 'Elton', 'pede.sagittis@vitaeerat.ca', '06 61 71 02 89'),
(35997, 'MDI32EAS1HB', 'Billet journee', 'Jordan', 'Riley', 'et.netus@fringillami.edu', '07 98 04 31 29'),
(35998, 'NCL41SLS8NR', 'Premium', 'Lucas', 'Rashad', 'fringilla.porttitor@magnisdisparturient.net', '04 52 47 22 83'),
(35999, 'RQY33AAL4GP', 'Premium', 'Ellis', 'Eliana', 'varius@aliquamenimnec.co.uk', '02 12 81 38 20');

-- --------------------------------------------------------

--
-- Structure de la table `t_passeport_pass`
--

CREATE TABLE `t_passeport_pass` (
  `pass_id` varchar(20) NOT NULL,
  `pass_mdp` char(64) NOT NULL,
  `inv_id` int(11) NOT NULL
) ENGINE=InnoDB DEFAULT CHARSET=utf8;

--
-- Déchargement des données de la table `t_passeport_pass`
--

INSERT INTO `t_passeport_pass` (`pass_id`, `pass_mdp`, `inv_id`) VALUES
('Entraineur_Gauff', '011gauff', 4),
('Entraineur_krejcikov', '456krejcikova', 5),
('Entraineur_pavlyu', '456pavlyuchenkova', 9),
('Kine_Gauff', '456gauff', 4),
('Manager_badosa', '123badosa', 11),
('Manager_Gauff', '123gauff', 4),
('Manager_krejcikova', '123krejcikova', 5),
('Manager_pavlyu', '123pavlyuchenkova', 9),
('Manager_rybakina', '123ryabakina', 8),
('Manager_sakkari', '123sakkari', 6),
('Manager_swiatek', '123swiatek', 7),
('Manager_zidansek', '123zidansek', 10);

-- --------------------------------------------------------

--
-- Structure de la table `t_post_post`
--

CREATE TABLE `t_post_post` (
  `post_id` int(11) NOT NULL,
  `post_message` varchar(140) NOT NULL,
  `post_date` datetime NOT NULL,
  `post_etat` char(1) NOT NULL,
  `pass_id` varchar(20) NOT NULL
) ENGINE=InnoDB DEFAULT CHARSET=utf8;

--
-- Déchargement des données de la table `t_post_post`
--

INSERT INTO `t_post_post` (`post_id`, `post_message`, `post_date`, `post_etat`, `pass_id`) VALUES
(1, 'Après cette séance, on est prêts pour le match de tout à l heure!', '2021-06-09 09:00:00', 'B', 'Kine_Gauff'),
(2, 'Dommage on y était presque..', '2021-06-09 14:00:00', 'P', 'Manager_Gauff'),
(3, 'Félicitation pour cette qualification à la demi-finale!', '2021-06-09 14:00:00', 'P', 'Manager_Gauff'),
(4, 'On est en FINALE! Encore quelques efforts pour atteindre la victoire', '2021-06-10 21:00:00', 'P', 'Manager_Gauff'),
(5, 'Tu es la CHAMPIONNE! Félicitations!', '2021-06-12 18:00:00', 'P', 'Manager_Gauff'),
(6, 'Tous tes efforts ont finis par payer! Bravo, belles performances!', '2021-06-12 18:00:00', 'P', 'Entraineur_krejcikov'),
(7, 'Bravo pour ta place en demi-finale!', '2021-06-08 18:00:00', 'P', 'Manager_sakkari'),
(8, 'Bravo pour tes 2 dernier match, tu mérites ta place en finale', '2021-06-10 21:00:00', 'P', 'Manager_pavlyu'),
(9, 'Après cette séance, on est prêts pour le match!', '2021-06-09 09:00:00', 'B', 'Kine_Gauff'),
(10, 'Le match commence dans 1h, elle est prête!', '2021-06-10 14:00:00', 'B', 'Manager_zidansek'),
(11, 'Allez COCO !!', '2021-10-25 00:00:00', 'B', 'Entraineur_Gauff'),
(15, 'COURAGE!', '2021-11-26 11:44:25', 'P', 'Manager_pavlyu'),
(16, 'ALLEZ!', '2021-12-06 15:55:43', 'P', 'Manager_Gauff'),
(17, 'Gagné!', '2021-12-06 15:56:55', 'P', 'Entraineur_Gauff'),
(18, 'Bonne chance! \'_\'', '2021-12-07 20:48:28', 'P', 'Kine_Gauff');

-- --------------------------------------------------------

--
-- Structure de la table `t_reseaux_sociaux_rs`
--

CREATE TABLE `t_reseaux_sociaux_rs` (
  `rs_id` int(11) NOT NULL,
  `rs_nom` varchar(60) NOT NULL,
  `rs_url` varchar(200) NOT NULL,
  `rs_date_creation` date NOT NULL
) ENGINE=InnoDB DEFAULT CHARSET=utf8;

--
-- Déchargement des données de la table `t_reseaux_sociaux_rs`
--

INSERT INTO `t_reseaux_sociaux_rs` (`rs_id`, `rs_nom`, `rs_url`, `rs_date_creation`) VALUES
(1, 'Instagram', 'https://www.instagram.com/bkrejcikova/ ', '2019-11-01'),
(2, 'Twitter', 'https://twitter.com/mariasakkari ', '2010-07-01'),
(3, 'Instagram', 'https://www.instagram.com/iga.swiatek/?hl=en ', '2019-01-01'),
(4, 'Twitter', 'https://twitter.com/iga_swiatek?ref_src=twsrc%5Egoogle%7Ctwcamp%5Eserp%7Ctwgr%5Eauthor ', '2019-01-01'),
(5, 'Instagram', 'https://www.instagram.com/nastia_pav/ ', '2012-03-01'),
(6, 'Twitter', 'https://twitter.com/NastiaPav ', '2012-09-01');

-- --------------------------------------------------------

--
-- Structure de la table `t_service_serv`
--

CREATE TABLE `t_service_serv` (
  `serv_id` int(11) NOT NULL,
  `serv_nom` varchar(60) NOT NULL,
  `serv_description` varchar(500) DEFAULT NULL,
  `lieu_id` int(11) NOT NULL
) ENGINE=InnoDB DEFAULT CHARSET=utf8;

--
-- Déchargement des données de la table `t_service_serv`
--

INSERT INTO `t_service_serv` (`serv_id`, `serv_nom`, `serv_description`, `lieu_id`) VALUES
(1, 'Fontaines à eau', 'Hydratez-vous régulièrement!', 9),
(2, 'Point information', NULL, 9),
(3, 'Zone wifi', 'Pour rester connecté pendant votre visite, profitez du Wi-Fi offert par Roland-Garros et Orange dans les zones publiques.', 2),
(4, 'Distributeur de billets', NULL, 4),
(6, 'Distributeur de billets', NULL, 4),
(7, 'Distributeur de billets', NULL, 9),
(8, 'Infirmerie', NULL, 1),
(9, 'Infirmerie', NULL, 4),
(10, 'Infirmerie', NULL, 9),
(11, 'Toilettes', NULL, 4),
(12, 'Toilettes', NULL, 9),
(13, 'Toilettes', NULL, 1),
(14, 'Boutiques', 'Découvrez l ensemble de la gamme Héritage de Roland-Garros.', 4),
(15, 'Objets trouvés', 'Rendez-vous à l Espace Services, allée du Village à proximité du court 7.', 3);

--
-- Index pour les tables déchargées
--

--
-- Index pour la table `tj_inv_rs`
--
ALTER TABLE `tj_inv_rs`
  ADD KEY `inv_rs_inv_FK(inv_id)` (`inv_id`),
  ADD KEY `inv_rs_rs_FK(rs_id)` (`rs_id`);

--
-- Index pour la table `tj_programmation_prog`
--
ALTER TABLE `tj_programmation_prog`
  ADD PRIMARY KEY (`anim_id`,`inv_id`),
  ADD KEY `prog_inv_FK(inv_id)` (`inv_id`),
  ADD KEY `prog_anim_FK(anim_id)` (`anim_id`);

--
-- Index pour la table `t_actualite_actu`
--
ALTER TABLE `t_actualite_actu`
  ADD PRIMARY KEY (`actu_id`),
  ADD KEY `actu_orga_FK(orga_id)` (`orga_id`);

--
-- Index pour la table `t_animation_anim`
--
ALTER TABLE `t_animation_anim`
  ADD PRIMARY KEY (`anim_id`),
  ADD KEY `anim_lieu_FK(lieu_id)` (`lieu_id`);

--
-- Index pour la table `t_compte_cpt`
--
ALTER TABLE `t_compte_cpt`
  ADD PRIMARY KEY (`cpt_pseudo`);

--
-- Index pour la table `t_invite_inv`
--
ALTER TABLE `t_invite_inv`
  ADD PRIMARY KEY (`inv_id`),
  ADD UNIQUE KEY `cpt_pseudo_UNIQUE` (`cpt_pseudo`),
  ADD KEY `inv_cpt_FK(cpt_pseudo)` (`cpt_pseudo`);

--
-- Index pour la table `t_lieu_lieu`
--
ALTER TABLE `t_lieu_lieu`
  ADD PRIMARY KEY (`lieu_id`);

--
-- Index pour la table `t_objets_trouves_ot`
--
ALTER TABLE `t_objets_trouves_ot`
  ADD PRIMARY KEY (`ot_id`),
  ADD KEY `ot_lieu_FK(lieu_id)` (`lieu_id`),
  ADD KEY `ot_parti_FK(parti_id)` (`parti_id`);

--
-- Index pour la table `t_organisateur_orga`
--
ALTER TABLE `t_organisateur_orga`
  ADD PRIMARY KEY (`orga_id`),
  ADD UNIQUE KEY `cpt_pseudo_UNIQUE` (`cpt_pseudo`),
  ADD KEY `orga_cpt_FK(cpt_pseudo)` (`cpt_pseudo`);

--
-- Index pour la table `t_participant_parti`
--
ALTER TABLE `t_participant_parti`
  ADD PRIMARY KEY (`parti_id`);

--
-- Index pour la table `t_passeport_pass`
--
ALTER TABLE `t_passeport_pass`
  ADD PRIMARY KEY (`pass_id`),
  ADD KEY `pass_inv_FK(inv_id)` (`inv_id`);

--
-- Index pour la table `t_post_post`
--
ALTER TABLE `t_post_post`
  ADD PRIMARY KEY (`post_id`),
  ADD KEY `post_pass_FK(pass_id)` (`pass_id`);

--
-- Index pour la table `t_reseaux_sociaux_rs`
--
ALTER TABLE `t_reseaux_sociaux_rs`
  ADD PRIMARY KEY (`rs_id`);

--
-- Index pour la table `t_service_serv`
--
ALTER TABLE `t_service_serv`
  ADD PRIMARY KEY (`serv_id`),
  ADD KEY `serv_lieu_FK(lieu_id)` (`lieu_id`);

--
-- AUTO_INCREMENT pour les tables déchargées
--

--
-- AUTO_INCREMENT pour la table `t_actualite_actu`
--
ALTER TABLE `t_actualite_actu`
  MODIFY `actu_id` int(11) NOT NULL AUTO_INCREMENT, AUTO_INCREMENT=60;

--
-- AUTO_INCREMENT pour la table `t_animation_anim`
--
ALTER TABLE `t_animation_anim`
  MODIFY `anim_id` int(11) NOT NULL AUTO_INCREMENT, AUTO_INCREMENT=24;

--
-- AUTO_INCREMENT pour la table `t_invite_inv`
--
ALTER TABLE `t_invite_inv`
  MODIFY `inv_id` int(11) NOT NULL AUTO_INCREMENT, AUTO_INCREMENT=14;

--
-- AUTO_INCREMENT pour la table `t_lieu_lieu`
--
ALTER TABLE `t_lieu_lieu`
  MODIFY `lieu_id` int(11) NOT NULL AUTO_INCREMENT, AUTO_INCREMENT=11;

--
-- AUTO_INCREMENT pour la table `t_objets_trouves_ot`
--
ALTER TABLE `t_objets_trouves_ot`
  MODIFY `ot_id` int(11) NOT NULL AUTO_INCREMENT, AUTO_INCREMENT=5;

--
-- AUTO_INCREMENT pour la table `t_organisateur_orga`
--
ALTER TABLE `t_organisateur_orga`
  MODIFY `orga_id` int(11) NOT NULL AUTO_INCREMENT, AUTO_INCREMENT=29;

--
-- AUTO_INCREMENT pour la table `t_post_post`
--
ALTER TABLE `t_post_post`
  MODIFY `post_id` int(11) NOT NULL AUTO_INCREMENT, AUTO_INCREMENT=22;

--
-- AUTO_INCREMENT pour la table `t_reseaux_sociaux_rs`
--
ALTER TABLE `t_reseaux_sociaux_rs`
  MODIFY `rs_id` int(11) NOT NULL AUTO_INCREMENT, AUTO_INCREMENT=7;

--
-- AUTO_INCREMENT pour la table `t_service_serv`
--
ALTER TABLE `t_service_serv`
  MODIFY `serv_id` int(11) NOT NULL AUTO_INCREMENT, AUTO_INCREMENT=16;

--
-- Contraintes pour les tables déchargées
--

--
-- Contraintes pour la table `tj_inv_rs`
--
ALTER TABLE `tj_inv_rs`
  ADD CONSTRAINT `fk_tj_inv_rs_t_invite_inv1` FOREIGN KEY (`inv_id`) REFERENCES `t_invite_inv` (`inv_id`) ON DELETE NO ACTION ON UPDATE NO ACTION,
  ADD CONSTRAINT `fk_tj_inv_rs_t_reseaux_sociaux_rs1` FOREIGN KEY (`rs_id`) REFERENCES `t_reseaux_sociaux_rs` (`rs_id`) ON DELETE NO ACTION ON UPDATE NO ACTION;

--
-- Contraintes pour la table `tj_programmation_prog`
--
ALTER TABLE `tj_programmation_prog`
  ADD CONSTRAINT `fk_t_programmation_prog_t_animation_anim1` FOREIGN KEY (`anim_id`) REFERENCES `t_animation_anim` (`anim_id`) ON DELETE NO ACTION ON UPDATE NO ACTION,
  ADD CONSTRAINT `fk_t_programmation_prog_t_invite_inv1` FOREIGN KEY (`inv_id`) REFERENCES `t_invite_inv` (`inv_id`) ON DELETE NO ACTION ON UPDATE NO ACTION;

--
-- Contraintes pour la table `t_actualite_actu`
--
ALTER TABLE `t_actualite_actu`
  ADD CONSTRAINT `fk_t_actualite_actu_t_organisateur_orga1` FOREIGN KEY (`orga_id`) REFERENCES `t_organisateur_orga` (`orga_id`) ON DELETE NO ACTION ON UPDATE NO ACTION;

--
-- Contraintes pour la table `t_animation_anim`
--
ALTER TABLE `t_animation_anim`
  ADD CONSTRAINT `fk_t_animation_anim_t_lieu_lieu1` FOREIGN KEY (`lieu_id`) REFERENCES `t_lieu_lieu` (`lieu_id`) ON DELETE NO ACTION ON UPDATE NO ACTION;

--
-- Contraintes pour la table `t_invite_inv`
--
ALTER TABLE `t_invite_inv`
  ADD CONSTRAINT `fk_t_invite_inv_t_compte_cpt1` FOREIGN KEY (`cpt_pseudo`) REFERENCES `t_compte_cpt` (`cpt_pseudo`) ON DELETE NO ACTION ON UPDATE NO ACTION;

--
-- Contraintes pour la table `t_objets_trouves_ot`
--
ALTER TABLE `t_objets_trouves_ot`
  ADD CONSTRAINT `fk_t_objets_trouves_ot_t_lieu_lieu1` FOREIGN KEY (`lieu_id`) REFERENCES `t_lieu_lieu` (`lieu_id`) ON DELETE NO ACTION ON UPDATE NO ACTION,
  ADD CONSTRAINT `fk_t_objets_trouves_ot_t_participant_parti1` FOREIGN KEY (`parti_id`) REFERENCES `t_participant_parti` (`parti_id`) ON DELETE NO ACTION ON UPDATE NO ACTION;

--
-- Contraintes pour la table `t_organisateur_orga`
--
ALTER TABLE `t_organisateur_orga`
  ADD CONSTRAINT `fk_t_organisateur_orga_t_compte_cpt1` FOREIGN KEY (`cpt_pseudo`) REFERENCES `t_compte_cpt` (`cpt_pseudo`) ON DELETE NO ACTION ON UPDATE NO ACTION;

--
-- Contraintes pour la table `t_passeport_pass`
--
ALTER TABLE `t_passeport_pass`
  ADD CONSTRAINT `fk_t_passeport_pass_t_invite_inv1` FOREIGN KEY (`inv_id`) REFERENCES `t_invite_inv` (`inv_id`) ON DELETE NO ACTION ON UPDATE NO ACTION;

--
-- Contraintes pour la table `t_post_post`
--
ALTER TABLE `t_post_post`
  ADD CONSTRAINT `fk_t_post_post_t_passeport_pass1` FOREIGN KEY (`pass_id`) REFERENCES `t_passeport_pass` (`pass_id`) ON DELETE NO ACTION ON UPDATE NO ACTION;

--
-- Contraintes pour la table `t_service_serv`
--
ALTER TABLE `t_service_serv`
  ADD CONSTRAINT `fk_t_service_serv_t_lieu_lieu1` FOREIGN KEY (`lieu_id`) REFERENCES `t_lieu_lieu` (`lieu_id`) ON DELETE NO ACTION ON UPDATE NO ACTION;
COMMIT;

/*!40101 SET CHARACTER_SET_CLIENT=@OLD_CHARACTER_SET_CLIENT */;
/*!40101 SET CHARACTER_SET_RESULTS=@OLD_CHARACTER_SET_RESULTS */;
/*!40101 SET COLLATION_CONNECTION=@OLD_COLLATION_CONNECTION */;
